Keyword,Full_Domain,Status
00a,00a.com,Taken
00f,00f.com,Taken
00l,00l.com,Taken
00m,00m.com,Taken
00u,00u.com,Taken
00w,00w.com,Taken
00yl,00yl.com,Taken
01mm,01mm.com,Taken
01y,01y.com,Taken
03c,03c.com,Taken
03ke,03ke.com,Taken
04h,04h.com,Taken
04z,04z.com,Taken
05v,05v.com,Taken
06m,06m.com,Taken
06z,06z.com,Taken
07x,07x.com,Taken
09a,09a.com,Taken
0a,0a.com,Taken
0a0,0a0.com,Taken
0aa,0aa.com,Taken
0api,0api.com,Taken
0b,0b.com,Taken
0b0,0b0.com,Taken
0b6,0b6.com,Taken
0b7,0b7.com,Taken
0bd,0bd.com,Taken
0bg,0bg.com,Taken
0br,0br.com,Taken
0bu,0bu.com,Taken
0c,0c.com,Taken
0c2,0c2.com,Taken
0c6,0c6.com,Taken
0ci,0ci.com,Taken
0cn,0cn.com,Taken
0cw,0cw.com,Taken
0d,0d.com,Taken
0di,0di.com,Taken
0dn,0dn.com,Taken
0ds,0ds.com,Taken
0e,0e.com,Taken
0e0,0e0.com,Taken
0e7,0e7.com,Taken
0ei,0ei.com,Taken
0f,0f.com,Taken
0f5,0f5.com,Taken
0f6,0f6.com,Taken
0ff,0ff.com,Taken
0fp,0fp.com,Taken
0g,0g.com,Taken
0gb,0gb.com,Taken
0god,0god.com,Taken
0gt,0gt.com,Taken
0gu,0gu.com,Taken
0gz,0gz.com,Taken
0h0,0h0.com,Taken
0h4,0h4.com,Taken
0i,0i.com,Taken
0i6,0i6.com,Taken
0i7,0i7.com,Taken
0ii,0ii.com,Taken
0il,0il.com,Taken
0ix,0ix.com,Taken
0j2,0j2.com,Taken
0j3,0j3.com,Taken
0j4,0j4.com,Taken
0j6,0j6.com,Taken
0jp,0jp.com,Taken
0jy,0jy.com,Taken
0jz,0jz.com,Taken
0k,0k.com,Taken
0k8,0k8.com,Taken
0kk,0kk.com,Taken
0l,0l.com,Taken
0le,0le.com,Taken
0lj,0lj.com,Taken
0lz,0lz.com,Taken
0m,0m.com,Taken
0ms,0ms.com,Taken
0mx,0mx.com,Taken
0n,0n.com,Taken
0n0,0n0.com,Taken
0ne,0ne.com,Taken
0nj,0nj.com,Taken
0ns,0ns.com,Taken
0o4,0o4.com,Taken
0pk,0pk.com,Taken
0pt,0pt.com,Taken
0px,0px.com,Taken
0q,0q.com,Taken
0q0,0q0.com,Taken
0qj,0qj.com,Taken
0qw,0qw.com,Taken
0r3,0r3.com,Taken
0r5,0r5.com,Taken
0r9,0r9.com,Taken
0rte,0rte.com,Taken
0ru,0ru.com,Taken
0t,0t.com,Taken
0to60,0to60.com,Taken
0tp,0tp.com,Taken
0tr,0tr.com,Taken
0uo,0uo.com,Taken
0v,0v.com,Taken
0vv,0vv.com,Taken
0w6,0w6.com,Taken
0w7,0w7.com,Taken
0wn,0wn.com,Taken
0x,0x.com,Taken
0x2,0x2.com,Taken
0x3,0x3.com,Taken
0x5,0x5.com,Taken
0x555,0x555.com,Taken
0xd,0xd.com,Taken
0xnft,0xnft.com,Taken
0y,0y.com,Taken
0z,0z.com,Taken
0z4,0z4.com,Taken
0z5,0z5.com,Taken
0z6,0z6.com,Taken
0zg,0zg.com,Taken
1000films,1000films.com,Taken
1000mg,1000mg.com,Taken
1000ps,1000ps.com,Taken
1000y,1000y.com,Taken
1001s,1001s.com,Taken
100auf0,100auf0.com,Available
100mbps,100mbps.com,Taken
100ml,100ml.com,Taken
100most,100most.com,Taken
100pre,100pre.com,Taken
100pro,100pro.com,Taken
100tb,100tb.com,Taken
101a,101a.com,Taken
101s,101s.com,Taken
1080p,1080p.com,Taken
1099s,1099s.com,Taken
10aday,10aday.com,Taken
10b0,10b0.com,Available
10bet,10bet.com,Taken
10e,10e.com,Taken
10er,10er.com,Taken
10gb,10gb.com,Taken
10gv,10gv.com,Taken
10out,10out.com,Taken
10sc,10sc.com,Taken
10sec,10sec.com,Taken
10th,10th.com,Taken
10v,10v.com,Taken
10x,10x.com,Taken
110k,110k.com,Taken
111g,111g.com,Taken
111mb,111mb.com,Taken
11b,11b.com,Taken
11b0,11b0.com,Available
11gv,11gv.com,Taken
11k,11k.com,Taken
11mbit,11mbit.com,Available
11one,11one.com,Taken
11out,11out.com,Taken
11s,11s.com,Taken
11st,11st.com,Taken
11t,11t.com,Taken
11u,11u.com,Taken
11v,11v.com,Taken
11vs11,11vs11.com,Taken
11x11,11x11.com,Taken
11y,11y.com,Taken
11z,11z.com,Taken
121s,121s.com,Taken
123bio,123bio.com,Taken
123dsl,123dsl.com,Taken
123e,123e.com,Taken
123sex,123sex.com,Taken
123web,123web.com,Taken
123webdesign,123webdesign.com,Taken
123win,123win.com,Taken
123world,123world.com,Taken
123xxx,123xxx.com,Taken
12bet,12bet.com,Taken
12co,12co.com,Taken
12g,12g.com,Taken
12go,12go.com,Taken
12gothailand,12gothailand.com,Taken
12gv,12gv.com,Taken
12h,12h.com,Taken
12n,12n.com,Taken
12percent,12percent.com,Taken
12r,12r.com,Taken
12step,12step.com,Taken
12t,12t.com,Taken
12talk,12talk.com,Taken
12v,12v.com,Taken
12voet,12voet.com,Available
12w,12w.com,Taken
13m,13m.com,Taken
13n,13n.com,Taken
13th,13th.com,Taken
143iloveyou,143iloveyou.com,Taken
14k,14k.com,Taken
16w,16w.com,Taken
16yo,16yo.com,Taken
17n,17n.com,Taken
17w,17w.com,Taken
1800flowers,1800flowers.com,Taken
1800h,1800h.com,Available
1800lb,1800lb.com,Available
18av,18av.com,Taken
18cg,18cg.com,Taken
18e,18e.com,Taken
18f,18f.com,Taken
18hd,18hd.com,Taken
18in,18in.com,Taken
18o,18o.com,Taken
18p,18p.com,Taken
18s,18s.com,Taken
18yearsold,18yearsold.com,Taken
18yo,18yo.com,Taken
19e,19e.com,Taken
19t,19t.com,Taken
19th,19th.com,Taken
19u,19u.com,Taken
1a,1a.com,Taken
1a1,1a1.com,Taken
1aauto,1aauto.com,Taken
1ad,1ad.com,Taken
1ak,1ak.com,Taken
1and1,1and1.com,Taken
1b,1b.com,Taken
1b1,1b1.com,Taken
1bb,1bb.com,Taken
1bio,1bio.com,Taken
1bl,1bl.com,Taken
1bo,1bo.com,Taken
1bud,1bud.com,Taken
1ceo,1ceo.com,Taken
1cg,1cg.com,Taken
1chi,1chi.com,Taken
1crm,1crm.com,Taken
1cu,1cu.com,Taken
1cv,1cv.com,Taken
1cy,1cy.com,Taken
1dg,1dg.com,Taken
1dh,1dh.com,Taken
1dollaraday,1dollaraday.com,Taken
1dot,1dot.com,Taken
1dw,1dw.com,Taken
1e,1e.com,Taken
1ef,1ef.com,Taken
1eh,1eh.com,Taken
1em,1em.com,Taken
1es,1es.com,Taken
1euro,1euro.com,Taken
1ev,1ev.com,Taken
1f,1f.com,Taken
1firstbank,1firstbank.com,Taken
1g,1g.com,Taken
1ga,1ga.com,Taken
1gss,1gss.com,Taken
1gy,1gy.com,Taken
1gz,1gz.com,Taken
1h,1h.com,Taken
1hilfe,1hilfe.com,Taken
1hotel,1hotel.com,Taken
1hu,1hu.com,Taken
1hw,1hw.com,Taken
1ic,1ic.com,Taken
1in3,1in3.com,Taken
1io,1io.com,Taken
1ip,1ip.com,Taken
1iu,1iu.com,Taken
1iy,1iy.com,Taken
1j9,1j9.com,Taken
1jb,1jb.com,Taken
1je,1je.com,Taken
1ji,1ji.com,Taken
1job,1job.com,Taken
1jobs,1jobs.com,Taken
1jx,1jx.com,Taken
1k,1k.com,Taken
1ka,1ka.com,Taken
1kf,1kf.com,Taken
1kl,1kl.com,Taken
1km,1km.com,Taken
1komma5,1komma5.com,Taken
1kx,1kx.com,Taken
1l,1l.com,Taken
1l4,1l4.com,Taken
1l5,1l5.com,Taken
1l6,1l6.com,Taken
1lee,1lee.com,Taken
1m6,1m6.com,Taken
1mai,1mai.com,Taken
1mal1,1mal1.com,Taken
1md,1md.com,Taken
1mo,1mo.com,Taken
1mp,1mp.com,Taken
1mr,1mr.com,Taken
1n,1n.com,Taken
1navi,1navi.com,Taken
1network,1network.com,Taken
1nic,1nic.com,Taken
1o,1o.com,Taken
1of3,1of3.com,Taken
1oj,1oj.com,Taken
1on1,1on1.com,Taken
1or2,1or2.com,Taken
1ow,1ow.com,Taken
1p,1p.com,Taken
1pa,1pa.com,Taken
1pd,1pd.com,Taken
1pie,1pie.com,Taken
1po,1po.com,Taken
1pt,1pt.com,Taken
1py,1py.com,Taken
1q,1q.com,Taken
1q6,1q6.com,Taken
1qp,1qp.com,Taken
1r2,1r2.com,Taken
1ras,1ras.com,Available
1rc,1rc.com,Taken
1ri,1ri.com,Taken
1s,1s.com,Taken
1s5,1s5.com,Taken
1sa,1sa.com,Taken
1seo,1seo.com,Taken
1series,1series.com,Taken
1sf,1sf.com,Taken
1st,1st.com,Taken
1su,1su.com,Taken
1tc,1tc.com,Taken
1tv,1tv.com,Taken
1uj,1uj.com,Taken
1up,1up.com,Taken
1us,1us.com,Taken
1v,1v.com,Taken
1v1,1v1.com,Taken
1v2,1v2.com,Taken
1v9,1v9.com,Taken
1vm,1vm.com,Taken
1vn,1vn.com,Taken
1vps,1vps.com,Taken
1vs1,1vs1.com,Taken
1vy,1vy.com,Taken
1w6,1w6.com,Taken
1win,1win.com,Taken
1wk,1wk.com,Taken
1wm,1wm.com,Taken
1x,1x.com,Taken
1x0,1x0.com,Taken
1xm,1xm.com,Taken
1xp,1xp.com,Taken
1xx,1xx.com,Taken
1y,1y.com,Taken
1yp,1yp.com,Taken
1yy,1yy.com,Taken
1z,1z.com,Taken
1zg,1zg.com,Taken
1zh,1zh.com,Taken
1zk,1zk.com,Taken
1zs,1zs.com,Taken
1zu1,1zu1.com,Taken
1zz,1zz.com,Taken
2000s,2000s.com,Taken
20a,20a.com,Taken
20b,20b.com,Taken
20g,20g.com,Taken
20mm,20mm.com,Taken
20n,20n.com,Taken
20v,20v.com,Taken
20w,20w.com,Taken
21bitcoin,21bitcoin.com,Taken
21blackjackonline,21blackjackonline.com,Taken
21co,21co.com,Taken
21hd,21hd.com,Taken
21o,21o.com,Taken
21st,21st.com,Taken
21x,21x.com,Taken
22f,22f.com,Taken
22i,22i.com,Taken
22j,22j.com,Taken
22kt,22kt.com,Taken
22l,22l.com,Taken
22livebet,22livebet.com,Taken
22nd,22nd.com,Taken
22u,22u.com,Taken
22w,22w.com,Taken
22y,22y.com,Taken
23andme,23andme.com,Taken
23f,23f.com,Taken
23rd,23rd.com,Taken
247buy,247buy.com,Taken
247dns,247dns.com,Taken
247doc,247doc.com,Taken
247i,247i.com,Taken
247inc,247inc.com,Taken
247movie,247movie.com,Taken
247pc,247pc.com,Taken
247pvp,247pvp.com,Taken
247we,247we.com,Taken
24bet,24bet.com,Taken
24by7,24by7.com,Taken
24car,24car.com,Taken
24cp,24cp.com,Taken
24ct,24ct.com,Taken
24f,24f.com,Taken
24fun,24fun.com,Taken
24fx,24fx.com,Taken
24h,24h.com,Taken
24hr,24hr.com,Taken
24in,24in.com,Taken
24k,24k.com,Taken
24pay,24pay.com,Taken
24s,24s.com,Taken
24stunden,24stunden.com,Taken
24v,24v.com,Taken
24win,24win.com,Taken
24x7,24x7.com,Taken
24xp,24xp.com,Taken
24you,24you.com,Taken
250ok,250ok.com,Taken
25bet,25bet.com,Taken
25c,25c.com,Taken
25f,25f.com,Taken
25m,25m.com,Taken
25s,25s.com,Taken
25th,25th.com,Taken
26h,26h.com,Taken
27km,27km.com,Taken
28thamendment,28thamendment.com,Taken
29cm,29cm.com,Taken
29mm,29mm.com,Taken
2a,2a.com,Taken
2a1,2a1.com,Taken
2ar,2ar.com,Taken
2b,2b.com,Taken
2br,2br.com,Taken
2by4,2by4.com,Taken
2bz,2bz.com,Taken
2c,2c.com,Taken
2c2,2c2.com,Taken
2chip,2chip.com,Taken
2cool,2cool.com,Taken
2cut,2cut.com,Taken
2cx,2cx.com,Taken
2d,2d.com,Taken
2day,2day.com,Taken
2dc,2dc.com,Taken
2dekansje,2dekansje.com,Taken
2dogs,2dogs.com,Taken
2dt,2dt.com,Taken
2dy,2dy.com,Taken
2e,2e.com,Taken
2eb,2eb.com,Taken
2en,2en.com,Taken
2es,2es.com,Taken
2ex,2ex.com,Taken
2f,2f.com,Taken
2fax,2fax.com,Taken
2fly,2fly.com,Taken
2fo1,2fo1.com,Taken
2fz,2fz.com,Taken
2game,2game.com,Taken
2games,2games.com,Taken
2ge,2ge.com,Taken
2gis,2gis.com,Taken
2go,2go.com,Taken
2good,2good.com,Taken
2h,2h.com,Taken
2hop,2hop.com,Taken
2html,2html.com,Taken
2i,2i.com,Taken
2i1,2i1.com,Taken
2id,2id.com,Taken
2in1,2in1.com,Taken
2j,2j.com,Taken
2j9,2j9.com,Taken
2jr,2jr.com,Taken
2k,2k.com,Taken
2k7,2k7.com,Taken
2k8,2k8.com,Taken
2kmp,2kmp.com,Taken
2kny,2kny.com,Taken
2kr,2kr.com,Taken
2l,2l.com,Taken
2let,2let.com,Taken
2lp,2lp.com,Taken
2lr,2lr.com,Taken
2m,2m.com,Taken
2me,2me.com,Taken
2mex,2mex.com,Taken
2mgxanax,2mgxanax.com,Available
2minds,2minds.com,Taken
2movies,2movies.com,Taken
2mp3,2mp3.com,Taken
2mq,2mq.com,Taken
2nc,2nc.com,Taken
2nd,2nd.com,Taken
2net,2net.com,Taken
2nn,2nn.com,Taken
2o,2o.com,Taken
2oo,2oo.com,Taken
2ot,2ot.com,Taken
2p,2p.com,Taken
2p0,2p0.com,Taken
2pa,2pa.com,Taken
2pay,2pay.com,Taken
2phone,2phone.com,Taken
2print,2print.com,Taken
2ps,2ps.com,Taken
2q,2q.com,Taken
2q0,2q0.com,Taken
2qt,2qt.com,Taken
2r2,2r2.com,Taken
2rad,2rad.com,Taken
2real,2real.com,Taken
2rh,2rh.com,Taken
2s,2s.com,Taken
2s9,2s9.com,Taken
2set,2set.com,Taken
2sin,2sin.com,Taken
2sms,2sms.com,Taken
2stone,2stone.com,Taken
2sv,2sv.com,Taken
2t,2t.com,Taken
2td,2td.com,Taken
2tk,2tk.com,Taken
2tm,2tm.com,Taken
2tn,2tn.com,Taken
2top,2top.com,Taken
2tp,2tp.com,Taken
2tr,2tr.com,Taken
2true,2true.com,Taken
2ts,2ts.com,Taken
2tx,2tx.com,Taken
2u,2u.com,Taken
2ur,2ur.com,Taken
2us,2us.com,Taken
2w2,2w2.com,Taken
2x,2x.com,Taken
2x0,2x0.com,Taken
2x4,2x4.com,Taken
2x5,2x5.com,Taken
2y,2y.com,Taken
2y0,2y0.com,Taken
2yourhealth,2yourhealth.com,Taken
2yz,2yz.com,Taken
2z,2z.com,Taken
300m,300m.com,Taken
30hz,30hz.com,Taken
30k,30k.com,Taken
310k,310k.com,Taken
311nyc,311nyc.com,Taken
31h,31h.com,Taken
31q,31q.com,Taken
32r,32r.com,Taken
32red,32red.com,Taken
33b,33b.com,Taken
33bb,33bb.com,Taken
33h,33h.com,Taken
33o,33o.com,Taken
33xx,33xx.com,Taken
340b,340b.com,Taken
34c,34c.com,Taken
34d,34d.com,Taken
35v,35v.com,Taken
360bid,360bid.com,Taken
360bio,360bio.com,Taken
360eye,360eye.com,Taken
360media,360media.com,Taken
360ms,360ms.com,Taken
360mtg,360mtg.com,Taken
360pi,360pi.com,Taken
360pr,360pr.com,Taken
360qq,360qq.com,Taken
360sex,360sex.com,Taken
360tour,360tour.com,Taken
360tours,360tours.com,Taken
360travaux,360travaux.com,Taken
360wifi,360wifi.com,Taken
365che,365che.com,Taken
365d,365d.com,Taken
365gou,365gou.com,Taken
365ht,365ht.com,Taken
365ink,365ink.com,Taken
365job,365job.com,Taken
36net,36net.com,Taken
36o,36o.com,Taken
36one,36one.com,Taken
36th,36th.com,Taken
377bet,377bet.com,Taken
37h,37h.com,Taken
38parallelo,38parallelo.com,Taken
39ask,39ask.com,Taken
39q,39q.com,Taken
3ac,3ac.com,Taken
3al,3al.com,Taken
3as,3as.com,Taken
3b,3b.com,Taken
3box,3box.com,Taken
3c3,3c3.com,Taken
3can,3can.com,Taken
3cy,3cy.com,Taken
3d,3d.com,Taken
3d360,3d360.com,Taken
3d4u,3d4u.com,Taken
3dcartoons,3dcartoons.com,Taken
3dcg,3dcg.com,Taken
3ddvds,3ddvds.com,Taken
3deep,3deep.com,Taken
3dgo,3dgo.com,Taken
3dhq,3dhq.com,Taken
3dis,3dis.com,Taken
3dl,3dl.com,Taken
3dm,3dm.com,Taken
3dme,3dme.com,Taken
3dmed,3dmed.com,Taken
3dn,3dn.com,Taken
3do,3do.com,Taken
3doffice,3doffice.com,Taken
3dp,3dp.com,Taken
3dpdf,3dpdf.com,Taken
3dphones,3dphones.com,Taken
3dq,3dq.com,Taken
3drucker,3drucker.com,Taken
3dt,3dt.com,Taken
3dtv,3dtv.com,Taken
3dwin,3dwin.com,Taken
3dz,3dz.com,Taken
3dzone,3dzone.com,Taken
3e,3e.com,Taken
3et,3et.com,Taken
3eu,3eu.com,Taken
3ez,3ez.com,Taken
3fh,3fh.com,Taken
3fn,3fn.com,Taken
3fo,3fo.com,Taken
3g,3g.com,Taken
3g9,3g9.com,Taken
3gb,3gb.com,Taken
3gde,3gde.com,Taken
3gl,3gl.com,Taken
3gm,3gm.com,Taken
3gs,3gs.com,Taken
3h0,3h0.com,Taken
3h3,3h3.com,Taken
3he,3he.com,Taken
3hf,3hf.com,Taken
3hh,3hh.com,Taken
3hj,3hj.com,Taken
3hrs,3hrs.com,Taken
3i,3i.com,Taken
3i1,3i1.com,Taken
3in1,3in1.com,Taken
3interactive,3interactive.com,Taken
3ir,3ir.com,Taken
3j,3j.com,Taken
3j3,3j3.com,Taken
3jj,3jj.com,Taken
3jr,3jr.com,Taken
3k2,3k2.com,Taken
3key,3key.com,Taken
3kk,3kk.com,Taken
3kl,3kl.com,Taken
3ko,3ko.com,Taken
3l,3l.com,Taken
3l0,3l0.com,Taken
3lbs,3lbs.com,Taken
3le,3le.com,Taken
3ls,3ls.com,Taken
3ly,3ly.com,Taken
3m,3m.com,Taken
3mi,3mi.com,Taken
3min,3min.com,Taken
3mw,3mw.com,Taken
3n,3n.com,Taken
3nb,3nb.com,Taken
3o,3o.com,Taken
3oe,3oe.com,Taken
3on,3on.com,Taken
3oo,3oo.com,Taken
3ooo,3ooo.com,Taken
3p,3p.com,Taken
3pay,3pay.com,Taken
3pd,3pd.com,Taken
3pix,3pix.com,Taken
3pm,3pm.com,Taken
3q,3q.com,Taken
3r,3r.com,Taken
3rd,3rd.com,Taken
3rj,3rj.com,Taken
3ro,3ro.com,Taken
3rr,3rr.com,Taken
3rz,3rz.com,Taken
3s,3s.com,Taken
3sixty5,3sixty5.com,Taken
3sl,3sl.com,Taken
3t,3t.com,Taken
3uc,3uc.com,Taken
3uk,3uk.com,Taken
3us,3us.com,Taken
3v,3v.com,Taken
3vh,3vh.com,Taken
3wf,3wf.com,Taken
3wq,3wq.com,Taken
3ws,3ws.com,Taken
3x,3x.com,Taken
3x0,3x0.com,Taken
3x8,3x8.com,Taken
3xr,3xr.com,Taken
3y,3y.com,Taken
3yy,3yy.com,Taken
3z9,3z9.com,Taken
3zi,3zi.com,Taken
400r,400r.com,Taken
400x,400x.com,Taken
401k,401k.com,Taken
403b,403b.com,Taken
40dd,40dd.com,Taken
40hz,40hz.com,Taken
40k,40k.com,Taken
40q,40q.com,Taken
41p,41p.com,Taken
41z,41z.com,Taken
420la,420la.com,Taken
42dot,42dot.com,Taken
42go,42go.com,Taken
42t,42t.com,Taken
432hz,432hz.com,Taken
43a,43a.com,Taken
43o,43o.com,Taken
43x,43x.com,Taken
44f,44f.com,Taken
44i,44i.com,Taken
44j,44j.com,Taken
44o,44o.com,Taken
44t,44t.com,Taken
44w,44w.com,Taken
44z,44z.com,Taken
456k,456k.com,Taken
45th,45th.com,Taken
45thdivisionmuseum,45thdivisionmuseum.com,Taken
46f,46f.com,Taken
46l,46l.com,Taken
47h,47h.com,Taken
47l,47l.com,Taken
48x,48x.com,Taken
49g,49g.com,Taken
4a,4a.com,Taken
4a7,4a7.com,Taken
4ag,4ag.com,Taken
4am,4am.com,Taken
4ar,4ar.com,Taken
4art,4art.com,Taken
4auc,4auc.com,Taken
4b,4b.com,Taken
4b2,4b2.com,Taken
4b7,4b7.com,Taken
4bad,4bad.com,Taken
4business,4business.com,Taken
4buy,4buy.com,Taken
4bx,4bx.com,Taken
4by,4by.com,Taken
4car,4car.com,Taken
4cee,4cee.com,Taken
4cr,4cr.com,Taken
4cz,4cz.com,Taken
4d,4d.com,Taken
4d0,4d0.com,Taken
4d2,4d2.com,Taken
4dad,4dad.com,Taken
4days,4days.com,Taken
4de,4de.com,Taken
4df,4df.com,Taken
4dh,4dh.com,Taken
4dk,4dk.com,Taken
4dna,4dna.com,Taken
4du,4du.com,Taken
4dx,4dx.com,Taken
4e,4e.com,Taken
4e0,4e0.com,Taken
4ex,4ex.com,Taken
4f,4f.com,Taken
4f6,4f6.com,Taken
4free,4free.com,Taken
4front,4front.com,Taken
4ft,4ft.com,Taken
4g,4g.com,Taken
4g4,4g4.com,Taken
4ga,4ga.com,Taken
4gee,4gee.com,Taken
4get,4get.com,Taken
4gg,4gg.com,Taken
4gk,4gk.com,Taken
4good,4good.com,Taken
4gps,4gps.com,Taken
4gz,4gz.com,Taken
4h3,4h3.com,Taken
4hd,4hd.com,Taken
4him4her,4him4her.com,Taken
00a,00a.com,Taken
00f,00f.com,Taken
00l,00l.com,Taken
00m,00m.com,Taken
00u,00u.com,Taken
00w,00w.com,Taken
00yl,00yl.com,Taken
01mm,01mm.com,Taken
01y,01y.com,Taken
03c,03c.com,Taken
03ke,03ke.com,Taken
04h,04h.com,Taken
04z,04z.com,Taken
05v,05v.com,Taken
06m,06m.com,Taken
06z,06z.com,Taken
07x,07x.com,Taken
09a,09a.com,Taken
0a,0a.com,Taken
0a0,0a0.com,Taken
0aa,0aa.com,Taken
0api,0api.com,Taken
0b,0b.com,Taken
0b0,0b0.com,Taken
0b6,0b6.com,Taken
0b7,0b7.com,Taken
0bd,0bd.com,Taken
0bg,0bg.com,Taken
0br,0br.com,Taken
0bu,0bu.com,Taken
0c,0c.com,Taken
0c2,0c2.com,Taken
0c6,0c6.com,Taken
0ci,0ci.com,Taken
0cn,0cn.com,Taken
0cw,0cw.com,Taken
0d,0d.com,Taken
0di,0di.com,Taken
0dn,0dn.com,Taken
0ds,0ds.com,Taken
0e,0e.com,Taken
0e0,0e0.com,Taken
0e7,0e7.com,Taken
0ei,0ei.com,Taken
0f,0f.com,Taken
0f5,0f5.com,Taken
0f6,0f6.com,Taken
0ff,0ff.com,Taken
0fp,0fp.com,Taken
0g,0g.com,Taken
0gb,0gb.com,Taken
0god,0god.com,Taken
0gt,0gt.com,Taken
0gu,0gu.com,Taken
0gz,0gz.com,Taken
0h0,0h0.com,Taken
0h4,0h4.com,Taken
0i,0i.com,Taken
0i6,0i6.com,Taken
0i7,0i7.com,Taken
0ii,0ii.com,Taken
0il,0il.com,Taken
0ix,0ix.com,Taken
0j2,0j2.com,Taken
0j3,0j3.com,Taken
0j4,0j4.com,Taken
0j6,0j6.com,Taken
0jp,0jp.com,Taken
0jy,0jy.com,Taken
0jz,0jz.com,Taken
0k,0k.com,Taken
0k8,0k8.com,Taken
0kk,0kk.com,Taken
0l,0l.com,Taken
0le,0le.com,Taken
0lj,0lj.com,Taken
0lz,0lz.com,Taken
0m,0m.com,Taken
0ms,0ms.com,Taken
0mx,0mx.com,Taken
0n,0n.com,Taken
0n0,0n0.com,Taken
0ne,0ne.com,Taken
0nj,0nj.com,Taken
0ns,0ns.com,Taken
0o4,0o4.com,Taken
0pk,0pk.com,Taken
0pt,0pt.com,Taken
0px,0px.com,Taken
0q,0q.com,Taken
0q0,0q0.com,Taken
0qj,0qj.com,Taken
0qw,0qw.com,Taken
0r3,0r3.com,Taken
0r5,0r5.com,Taken
0r9,0r9.com,Taken
0rte,0rte.com,Taken
0ru,0ru.com,Taken
0t,0t.com,Taken
0to60,0to60.com,Taken
0tp,0tp.com,Taken
0tr,0tr.com,Taken
0uo,0uo.com,Taken
0v,0v.com,Taken
0vv,0vv.com,Taken
0w6,0w6.com,Taken
0w7,0w7.com,Taken
0wn,0wn.com,Taken
0x,0x.com,Taken
0x2,0x2.com,Taken
0x3,0x3.com,Taken
0x5,0x5.com,Taken
0x555,0x555.com,Taken
0xd,0xd.com,Taken
0xnft,0xnft.com,Taken
0y,0y.com,Taken
0z,0z.com,Taken
0z4,0z4.com,Taken
0z5,0z5.com,Taken
0z6,0z6.com,Taken
0zg,0zg.com,Taken
1000films,1000films.com,Taken
1000mg,1000mg.com,Taken
1000ps,1000ps.com,Taken
1000y,1000y.com,Taken
1001s,1001s.com,Taken
100mbps,100mbps.com,Taken
100ml,100ml.com,Taken
100most,100most.com,Taken
100pre,100pre.com,Taken
100pro,100pro.com,Taken
100tb,100tb.com,Taken
101a,101a.com,Taken
101s,101s.com,Taken
1080p,1080p.com,Taken
1099s,1099s.com,Taken
10aday,10aday.com,Taken
10bet,10bet.com,Taken
10e,10e.com,Taken
10er,10er.com,Taken
10gb,10gb.com,Taken
10gv,10gv.com,Taken
10out,10out.com,Taken
10sc,10sc.com,Taken
10sec,10sec.com,Taken
10th,10th.com,Taken
10v,10v.com,Taken
10x,10x.com,Taken
110k,110k.com,Taken
111g,111g.com,Taken
111mb,111mb.com,Taken
11b,11b.com,Taken
11gv,11gv.com,Taken
11k,11k.com,Taken
11one,11one.com,Taken
11out,11out.com,Taken
11s,11s.com,Taken
11st,11st.com,Taken
11t,11t.com,Taken
11u,11u.com,Taken
11v,11v.com,Taken
11vs11,11vs11.com,Taken
11x11,11x11.com,Taken
11y,11y.com,Taken
11z,11z.com,Taken
121s,121s.com,Taken
123bio,123bio.com,Taken
123dsl,123dsl.com,Taken
123e,123e.com,Taken
123sex,123sex.com,Taken
123web,123web.com,Taken
123webdesign,123webdesign.com,Taken
123win,123win.com,Taken
123world,123world.com,Taken
123xxx,123xxx.com,Taken
12bet,12bet.com,Taken
12co,12co.com,Taken
12g,12g.com,Taken
12go,12go.com,Taken
12gothailand,12gothailand.com,Taken
12gv,12gv.com,Taken
12h,12h.com,Taken
12n,12n.com,Taken
12percent,12percent.com,Taken
12r,12r.com,Taken
12step,12step.com,Taken
12t,12t.com,Taken
12talk,12talk.com,Taken
12v,12v.com,Taken
12w,12w.com,Taken
13m,13m.com,Taken
13n,13n.com,Taken
13th,13th.com,Taken
143iloveyou,143iloveyou.com,Taken
14k,14k.com,Taken
14u,14u.com,Taken
15o,15o.com,Taken
15th,15th.com,Taken
16m,16m.com,Taken
16p,16p.com,Taken
16w,16w.com,Taken
16yo,16yo.com,Taken
17n,17n.com,Taken
17w,17w.com,Taken
1800flowers,1800flowers.com,Taken
18av,18av.com,Taken
18cg,18cg.com,Taken
18e,18e.com,Taken
18f,18f.com,Taken
18hd,18hd.com,Taken
18in,18in.com,Taken
18o,18o.com,Taken
18p,18p.com,Taken
18s,18s.com,Taken
18yearsold,18yearsold.com,Taken
18yo,18yo.com,Taken
19e,19e.com,Taken
19t,19t.com,Taken
19th,19th.com,Taken
19u,19u.com,Taken
1a,1a.com,Taken
1a1,1a1.com,Taken
1aauto,1aauto.com,Taken
1ad,1ad.com,Taken
1ak,1ak.com,Taken
1and1,1and1.com,Taken
1b,1b.com,Taken
1b1,1b1.com,Taken
1bb,1bb.com,Taken
1bio,1bio.com,Taken
1bl,1bl.com,Taken
1bo,1bo.com,Taken
1bud,1bud.com,Taken
1ceo,1ceo.com,Taken
1cg,1cg.com,Taken
1chi,1chi.com,Taken
1crm,1crm.com,Taken
1cu,1cu.com,Taken
1cv,1cv.com,Taken
1cy,1cy.com,Taken
1dg,1dg.com,Taken
1dh,1dh.com,Taken
1dollaraday,1dollaraday.com,Taken
1dot,1dot.com,Taken
1dw,1dw.com,Taken
1e,1e.com,Taken
1ef,1ef.com,Taken
1eh,1eh.com,Taken
1em,1em.com,Taken
1es,1es.com,Taken
1euro,1euro.com,Taken
1ev,1ev.com,Taken
1f,1f.com,Taken
1firstbank,1firstbank.com,Taken
1g,1g.com,Taken
1ga,1ga.com,Taken
1gss,1gss.com,Taken
1gy,1gy.com,Taken
1gz,1gz.com,Taken
1h,1h.com,Taken
1hilfe,1hilfe.com,Taken
1hotel,1hotel.com,Taken
1hu,1hu.com,Taken
1hw,1hw.com,Taken
1ic,1ic.com,Taken
1in3,1in3.com,Taken
1io,1io.com,Taken
1ip,1ip.com,Taken
1iu,1iu.com,Taken
1iy,1iy.com,Taken
1j9,1j9.com,Taken
1jb,1jb.com,Taken
1je,1je.com,Taken
1ji,1ji.com,Taken
1job,1job.com,Taken
1jobs,1jobs.com,Taken
1jx,1jx.com,Taken
1k,1k.com,Taken
1ka,1ka.com,Taken
1kf,1kf.com,Taken
1kl,1kl.com,Taken
1km,1km.com,Taken
1komma5,1komma5.com,Taken
1kx,1kx.com,Taken
1l,1l.com,Taken
1l4,1l4.com,Taken
1l5,1l5.com,Taken
1l6,1l6.com,Taken
1lee,1lee.com,Taken
1m6,1m6.com,Taken
1mai,1mai.com,Taken
1mal1,1mal1.com,Taken
1md,1md.com,Taken
1mo,1mo.com,Taken
1mp,1mp.com,Taken
1mr,1mr.com,Taken
1n,1n.com,Taken
1navi,1navi.com,Taken
1network,1network.com,Taken
1nic,1nic.com,Taken
1o,1o.com,Taken
1of3,1of3.com,Taken
1oj,1oj.com,Taken
1on1,1on1.com,Taken
1or2,1or2.com,Taken
1ow,1ow.com,Taken
1p,1p.com,Taken
1pa,1pa.com,Taken
1pd,1pd.com,Taken
1pie,1pie.com,Taken
1po,1po.com,Taken
1pt,1pt.com,Taken
1py,1py.com,Taken
1q,1q.com,Taken
1q6,1q6.com,Taken
1qp,1qp.com,Taken
1r2,1r2.com,Taken
1rc,1rc.com,Taken
1ri,1ri.com,Taken
1s,1s.com,Taken
1s5,1s5.com,Taken
1sa,1sa.com,Taken
1seo,1seo.com,Taken
1series,1series.com,Taken
1sf,1sf.com,Taken
1st,1st.com,Taken
1su,1su.com,Taken
1tc,1tc.com,Taken
1tv,1tv.com,Taken
1uj,1uj.com,Taken
1up,1up.com,Taken
1us,1us.com,Taken
1v,1v.com,Taken
1v1,1v1.com,Taken
1v2,1v2.com,Taken
1v9,1v9.com,Taken
1vm,1vm.com,Taken
1vn,1vn.com,Taken
1vps,1vps.com,Taken
1vs1,1vs1.com,Taken
1vy,1vy.com,Taken
1w6,1w6.com,Taken
1win,1win.com,Taken
1wk,1wk.com,Taken
1wm,1wm.com,Taken
1x,1x.com,Taken
1x0,1x0.com,Taken
1xm,1xm.com,Taken
1xp,1xp.com,Taken
1xx,1xx.com,Taken
1y,1y.com,Taken
1yp,1yp.com,Taken
1yy,1yy.com,Taken
1z,1z.com,Taken
1zg,1zg.com,Taken
1zh,1zh.com,Taken
1zk,1zk.com,Taken
1zs,1zs.com,Taken
1zu1,1zu1.com,Taken
1zz,1zz.com,Taken
2000s,2000s.com,Taken
20a,20a.com,Taken
20b,20b.com,Taken
20g,20g.com,Taken
20mm,20mm.com,Taken
20n,20n.com,Taken
20v,20v.com,Taken
20w,20w.com,Taken
21bitcoin,21bitcoin.com,Taken
21blackjackonline,21blackjackonline.com,Taken
21co,21co.com,Taken
21hd,21hd.com,Taken
21o,21o.com,Taken
21st,21st.com,Taken
21x,21x.com,Taken
22f,22f.com,Taken
22i,22i.com,Taken
22j,22j.com,Taken
22kt,22kt.com,Taken
22l,22l.com,Taken
22livebet,22livebet.com,Taken
22nd,22nd.com,Taken
22u,22u.com,Taken
22w,22w.com,Taken
22y,22y.com,Taken
23andme,23andme.com,Taken
23f,23f.com,Taken
23rd,23rd.com,Taken
247buy,247buy.com,Taken
247dns,247dns.com,Taken
247doc,247doc.com,Taken
247i,247i.com,Taken
247inc,247inc.com,Taken
247movie,247movie.com,Taken
247pc,247pc.com,Taken
247pvp,247pvp.com,Taken
247we,247we.com,Taken
247web,247web.com,Taken
247www,247www.com,Taken
24ads,24ads.com,Taken
24bet,24bet.com,Taken
24by7,24by7.com,Taken
24car,24car.com,Taken
24cp,24cp.com,Taken
24ct,24ct.com,Taken
24f,24f.com,Taken
24fun,24fun.com,Taken
24fx,24fx.com,Taken
24h,24h.com,Taken
24hr,24hr.com,Taken
24in,24in.com,Taken
24k,24k.com,Taken
24pay,24pay.com,Taken
24s,24s.com,Taken
24stunden,24stunden.com,Taken
24v,24v.com,Taken
24win,24win.com,Taken
24x7,24x7.com,Taken
24xp,24xp.com,Taken
24you,24you.com,Taken
250ok,250ok.com,Taken
25bet,25bet.com,Taken
25c,25c.com,Taken
25f,25f.com,Taken
25m,25m.com,Taken
25s,25s.com,Taken
25th,25th.com,Taken
26h,26h.com,Taken
27km,27km.com,Taken
28thamendment,28thamendment.com,Taken
29cm,29cm.com,Taken
29mm,29mm.com,Taken
2a,2a.com,Taken
2a1,2a1.com,Taken
2ar,2ar.com,Taken
2b,2b.com,Taken
2br,2br.com,Taken
2by4,2by4.com,Taken
2bz,2bz.com,Taken
2c,2c.com,Taken
2c2,2c2.com,Taken
2chip,2chip.com,Taken
2cool,2cool.com,Taken
2cut,2cut.com,Taken
2cx,2cx.com,Taken
2d,2d.com,Taken
2day,2day.com,Taken
2dc,2dc.com,Taken
2dekansje,2dekansje.com,Taken
2dogs,2dogs.com,Taken
2dt,2dt.com,Taken
2dy,2dy.com,Taken
2e,2e.com,Taken
2eb,2eb.com,Taken
2en,2en.com,Taken
2es,2es.com,Taken
2ex,2ex.com,Taken
2f,2f.com,Taken
2fax,2fax.com,Taken
2fly,2fly.com,Taken
2fo1,2fo1.com,Taken
2fz,2fz.com,Taken
2game,2game.com,Taken
2games,2games.com,Taken
2ge,2ge.com,Taken
2gis,2gis.com,Taken
2go,2go.com,Taken
2good,2good.com,Taken
2h,2h.com,Taken
2hop,2hop.com,Taken
2html,2html.com,Taken
2i,2i.com,Taken
2i1,2i1.com,Taken
2id,2id.com,Taken
2in1,2in1.com,Taken
2j,2j.com,Taken
2j9,2j9.com,Taken
2jr,2jr.com,Taken
2k,2k.com,Taken
2k7,2k7.com,Taken
2k8,2k8.com,Taken
2kmp,2kmp.com,Taken
2kny,2kny.com,Taken
2kr,2kr.com,Taken
2l,2l.com,Taken
2let,2let.com,Taken
2lp,2lp.com,Taken
2lr,2lr.com,Taken
2m,2m.com,Taken
2me,2me.com,Taken
2mex,2mex.com,Taken
2minds,2minds.com,Taken
2movies,2movies.com,Taken
2mp3,2mp3.com,Taken
2mq,2mq.com,Taken
2nc,2nc.com,Taken
2nd,2nd.com,Taken
2net,2net.com,Taken
2nn,2nn.com,Taken
2o,2o.com,Taken
2oo,2oo.com,Taken
2ot,2ot.com,Taken
2p,2p.com,Taken
2p0,2p0.com,Taken
2pa,2pa.com,Taken
2pay,2pay.com,Taken
2phone,2phone.com,Taken
2print,2print.com,Taken
2ps,2ps.com,Taken
2q,2q.com,Taken
2q0,2q0.com,Taken
2qt,2qt.com,Taken
2r2,2r2.com,Taken
2rad,2rad.com,Taken
2real,2real.com,Taken
2rh,2rh.com,Taken
2s,2s.com,Taken
2s9,2s9.com,Taken
2set,2set.com,Taken
2sin,2sin.com,Taken
2sms,2sms.com,Taken
2stone,2stone.com,Taken
2sv,2sv.com,Taken
2t,2t.com,Taken
2td,2td.com,Taken
2tk,2tk.com,Taken
2tm,2tm.com,Taken
2tn,2tn.com,Taken
2top,2top.com,Taken
2tp,2tp.com,Taken
2tr,2tr.com,Taken
2true,2true.com,Taken
2ts,2ts.com,Taken
2tx,2tx.com,Taken
2u,2u.com,Taken
2ur,2ur.com,Taken
2us,2us.com,Taken
2w2,2w2.com,Taken
2x,2x.com,Taken
2x0,2x0.com,Taken
2x4,2x4.com,Taken
2x5,2x5.com,Taken
2y,2y.com,Taken
2y0,2y0.com,Taken
2yourhealth,2yourhealth.com,Taken
2yz,2yz.com,Taken
2z,2z.com,Taken
300m,300m.com,Taken
30hz,30hz.com,Taken
30k,30k.com,Taken
310k,310k.com,Taken
311nyc,311nyc.com,Taken
31h,31h.com,Taken
31q,31q.com,Taken
32r,32r.com,Taken
32red,32red.com,Taken
33b,33b.com,Taken
33bb,33bb.com,Taken
33h,33h.com,Taken
33o,33o.com,Taken
33xx,33xx.com,Taken
340b,340b.com,Taken
34c,34c.com,Taken
34d,34d.com,Taken
35v,35v.com,Taken
360bid,360bid.com,Taken
360bio,360bio.com,Taken
360eye,360eye.com,Taken
360media,360media.com,Taken
360ms,360ms.com,Taken
360mtg,360mtg.com,Taken
360pi,360pi.com,Taken
360pr,360pr.com,Taken
360qq,360qq.com,Taken
360sex,360sex.com,Taken
360tour,360tour.com,Taken
360tours,360tours.com,Taken
360travaux,360travaux.com,Taken
360wifi,360wifi.com,Taken
365che,365che.com,Taken
365d,365d.com,Taken
365gou,365gou.com,Taken
365ht,365ht.com,Taken
365ink,365ink.com,Taken
365job,365job.com,Taken
36net,36net.com,Taken
36o,36o.com,Taken
36one,36one.com,Taken
36th,36th.com,Taken
377bet,377bet.com,Taken
37h,37h.com,Taken
38parallelo,38parallelo.com,Taken
39ask,39ask.com,Taken
39q,39q.com,Taken
3ac,3ac.com,Taken
3al,3al.com,Taken
3as,3as.com,Taken
3b,3b.com,Taken
3box,3box.com,Taken
3c,3c.com,Taken
3c3,3c3.com,Taken
3can,3can.com,Taken
3cy,3cy.com,Taken
3d,3d.com,Taken
3d360,3d360.com,Taken
3d4u,3d4u.com,Taken
3dcartoons,3dcartoons.com,Taken
3dcg,3dcg.com,Taken
3ddvds,3ddvds.com,Taken
3deep,3deep.com,Taken
3dgo,3dgo.com,Taken
3dhq,3dhq.com,Taken
3dis,3dis.com,Taken
3dl,3dl.com,Taken
3dm,3dm.com,Taken
3dme,3dme.com,Taken
3dmed,3dmed.com,Taken
3dn,3dn.com,Taken
3do,3do.com,Taken
3doffice,3doffice.com,Taken
3dp,3dp.com,Taken
3dpdf,3dpdf.com,Taken
3dphones,3dphones.com,Taken
3dq,3dq.com,Taken
3drucker,3drucker.com,Taken
3dt,3dt.com,Taken
3dtv,3dtv.com,Taken
3dwin,3dwin.com,Taken
3dz,3dz.com,Taken
3dzone,3dzone.com,Taken
3e,3e.com,Taken
3et,3et.com,Taken
3eu,3eu.com,Taken
3ez,3ez.com,Taken
3fh,3fh.com,Taken
3fn,3fn.com,Taken
3fo,3fo.com,Taken
3g,3g.com,Taken
3g9,3g9.com,Taken
3gb,3gb.com,Taken
3gde,3gde.com,Taken
3gl,3gl.com,Taken
3gm,3gm.com,Taken
3gs,3gs.com,Taken
3h0,3h0.com,Taken
3h3,3h3.com,Taken
3he,3he.com,Taken
3hf,3hf.com,Taken
3hh,3hh.com,Taken
3hj,3hj.com,Taken
3hrs,3hrs.com,Taken
3i,3i.com,Taken
3i1,3i1.com,Taken
3in1,3in1.com,Taken
3interactive,3interactive.com,Taken
3ir,3ir.com,Taken
3j,3j.com,Taken
3j3,3j3.com,Taken
3jj,3jj.com,Taken
3jr,3jr.com,Taken
3k2,3k2.com,Taken
3key,3key.com,Taken
3kk,3kk.com,Taken
3kl,3kl.com,Taken
3ko,3ko.com,Taken
3l,3l.com,Taken
3l0,3l0.com,Taken
3lbs,3lbs.com,Taken
3le,3le.com,Taken
3ls,3ls.com,Taken
3ly,3ly.com,Taken
3m,3m.com,Taken
3mi,3mi.com,Taken
3min,3min.com,Taken
3mw,3mw.com,Taken
3n,3n.com,Taken
3nb,3nb.com,Taken
3o,3o.com,Taken
3oe,3oe.com,Taken
3on,3on.com,Taken
3oo,3oo.com,Taken
3ooo,3ooo.com,Taken
3p,3p.com,Taken
3pay,3pay.com,Taken
3pd,3pd.com,Taken
3pix,3pix.com,Taken
3pm,3pm.com,Taken
3q,3q.com,Taken
3r,3r.com,Taken
3rd,3rd.com,Taken
3rj,3rj.com,Taken
3ro,3ro.com,Taken
3rr,3rr.com,Taken
3rz,3rz.com,Taken
3s,3s.com,Taken
3sixty5,3sixty5.com,Taken
3sl,3sl.com,Taken
3t,3t.com,Taken
3uc,3uc.com,Taken
3uk,3uk.com,Taken
3us,3us.com,Taken
3v,3v.com,Taken
3vh,3vh.com,Taken
3wf,3wf.com,Taken
3wq,3wq.com,Taken
3ws,3ws.com,Taken
3x,3x.com,Taken
3x0,3x0.com,Taken
3x8,3x8.com,Taken
3xr,3xr.com,Taken
3y,3y.com,Taken
3yy,3yy.com,Taken
3z9,3z9.com,Taken
3zi,3zi.com,Taken
400r,400r.com,Taken
400x,400x.com,Taken
401k,401k.com,Taken
403b,403b.com,Taken
40dd,40dd.com,Taken
40hz,40hz.com,Taken
40k,40k.com,Taken
40q,40q.com,Taken
41p,41p.com,Taken
41z,41z.com,Taken
420la,420la.com,Taken
42dot,42dot.com,Taken
42go,42go.com,Taken
42t,42t.com,Taken
432hz,432hz.com,Taken
43a,43a.com,Taken
43o,43o.com,Taken
43x,43x.com,Taken
44f,44f.com,Taken
44i,44i.com,Taken
44j,44j.com,Taken
44o,44o.com,Taken
44t,44t.com,Taken
44w,44w.com,Taken
44z,44z.com,Taken
456k,456k.com,Taken
45th,45th.com,Taken
45thdivisionmuseum,45thdivisionmuseum.com,Taken
46f,46f.com,Taken
46l,46l.com,Taken
47h,47h.com,Taken
47l,47l.com,Taken
48x,48x.com,Taken
49g,49g.com,Taken
4a,4a.com,Taken
4a7,4a7.com,Taken
4ag,4ag.com,Taken
4am,4am.com,Taken
4ar,4ar.com,Taken
4art,4art.com,Taken
4auc,4auc.com,Taken
4b,4b.com,Taken
4b2,4b2.com,Taken
4b7,4b7.com,Taken
4bad,4bad.com,Taken
4business,4business.com,Taken
4buy,4buy.com,Taken
4bx,4bx.com,Taken
4by,4by.com,Taken
4car,4car.com,Taken
4cee,4cee.com,Taken
4cr,4cr.com,Taken
4cz,4cz.com,Taken
4d,4d.com,Taken
4d0,4d0.com,Taken
4d2,4d2.com,Taken
4dad,4dad.com,Taken
4days,4days.com,Taken
4de,4de.com,Taken
4df,4df.com,Taken
4dh,4dh.com,Taken
4dk,4dk.com,Taken
4dna,4dna.com,Taken
4du,4du.com,Taken
4dx,4dx.com,Taken
4e,4e.com,Taken
4e0,4e0.com,Taken
4ex,4ex.com,Taken
4f,4f.com,Taken
4f6,4f6.com,Taken
4free,4free.com,Taken
4front,4front.com,Taken
4ft,4ft.com,Taken
4g,4g.com,Taken
4g4,4g4.com,Taken
4ga,4ga.com,Taken
4gee,4gee.com,Taken
4get,4get.com,Taken
4gg,4gg.com,Taken
4gk,4gk.com,Taken
4good,4good.com,Taken
4gps,4gps.com,Taken
4gz,4gz.com,Taken
4h3,4h3.com,Taken
4hd,4hd.com,Taken
4him4her,4him4her.com,Taken
4i7,4i7.com,Taken
4id,4id.com,Taken
4info,4info.com,Taken
4ip,4ip.com,Taken
4iq,4iq.com,Taken
4j,4j.com,Taken
4j9,4j9.com,Taken
4k,4k.com,Taken
4k0,4k0.com,Taken
4k6,4k6.com,Taken
4k8,4k8.com,Taken
4kids,4kids.com,Taken
4kings,4kings.com,Taken
4ko,4ko.com,Taken
4l0,4l0.com,Taken
4l3,4l3.com,Taken
4l5,4l5.com,Taken
4l6,4l6.com,Taken
4l7,4l7.com,Taken
4l8,4l8.com,Taken
4l9,4l9.com,Taken
4law,4law.com,Taken
4lo,4lo.com,Taken
4logo,4logo.com,Taken
4lq,4lq.com,Taken
4m0,4m0.com,Taken
4m7,4m7.com,Taken
4m9,4m9.com,Taken
4mail,4mail.com,Taken
4me,4me.com,Taken
4med,4med.com,Taken
4men,4men.com,Taken
4menu,4menu.com,Taken
4mh,4mh.com,Taken
4ms,4ms.com,Taken
4mt,4mt.com,Taken
4my,4my.com,Taken
4o7,4o7.com,Taken
4os,4os.com,Taken
4our,4our.com,Taken
4p0,4p0.com,Taken
4p5,4p5.com,Taken
4p6,4p6.com,Taken
4p7,4p7.com,Taken
4padel,4padel.com,Taken
4pci,4pci.com,Taken
4pet,4pet.com,Taken
4ph,4ph.com,Taken
4proxy,4proxy.com,Taken
4qj,4qj.com,Taken
4qu,4qu.com,Taken
4r,4r.com,Taken
4r0,4r0.com,Taken
4r9,4r9.com,Taken
4ra,4ra.com,Taken
4rc,4rc.com,Taken
4rent,4rent.com,Taken
4rooms,4rooms.com,Taken
4rt,4rt.com,Taken
4rv,4rv.com,Taken
4rx,4rx.com,Taken
4s,4s.com,Taken
4s0,4s0.com,Taken
4s7,4s7.com,Taken
4se,4se.com,Taken
4sight,4sight.com,Taken
4sk,4sk.com,Taken
4skins,4skins.com,Taken
4sports,4sports.com,Taken
4sur,4sur.com,Taken
4t,4t.com,Taken
4ta,4ta.com,Taken
4tea,4tea.com,Taken
4teen,4teen.com,Taken
4th,4th.com,Taken
4tub,4tub.com,Taken
4tw,4tw.com,Taken
4u,4u.com,Taken
4u2b,4u2b.com,Taken
4u2c,4u2c.com,Taken
4um,4um.com,Taken
4up,4up.com,Taken
4ut,4ut.com,Taken
4uv,4uv.com,Taken
4v1,4v1.com,Taken
4view,4view.com,Taken
4vk,4vk.com,Taken
4vl,4vl.com,Taken
4w9,4w9.com,Taken
4wheels,4wheels.com,Taken
4wm,4wm.com,Taken
4womenoftheworld,4womenoftheworld.com,Taken
4wtc,4wtc.com,Taken
4x,4x.com,Taken
4x4,4x4.com,Taken
4x4hq,4x4hq.com,Taken
4xev,4xev.com,Taken
4xf,4xf.com,Taken
4xt,4xt.com,Taken
4y0,4y0.com,Taken
4y9,4y9.com,Taken
4you,4you.com,Taken
5050tickets,5050tickets.com,Taken
50m,50m.com,Taken
50mpg,50mpg.com,Taken
50x,50x.com,Taken
51ise,51ise.com,Taken
51jib,51jib.com,Taken
51nyc,51nyc.com,Taken
51on,51on.com,Taken
51t,51t.com,Taken
52abc,52abc.com,Taken
52h,52h.com,Taken
52vip,52vip.com,Taken
52xl,52xl.com,Taken
52y,52y.com,Taken
55j,55j.com,Taken
55l,55l.com,Taken
55q,55q.com,Taken
55r,55r.com,Taken
55u,55u.com,Taken
55v,55v.com,Taken
55w,55w.com,Taken
55y,55y.com,Taken
56k,56k.com,Taken
581g,581g.com,Taken
58j,58j.com,Taken
58tv,58tv.com,Taken
59o,59o.com,Taken
59p,59p.com,Taken
5a,5a.com,Taken
5a7,5a7.com,Taken
5aw,5aw.com,Taken
5b,5b.com,Taken
5b2,5b2.com,Taken
5ba,5ba.com,Taken
5bp,5bp.com,Taken
5buy,5buy.com,Taken
5c,5c.com,Taken
5car,5car.com,Taken
5ce,5ce.com,Taken
5cl,5cl.com,Taken
5cm,5cm.com,Taken
5d,5d.com,Taken
5di,5di.com,Taken
5dk,5dk.com,Taken
5dx,5dx.com,Taken
5ee,5ee.com,Taken
5f,5f.com,Taken
5fav,5fav.com,Taken
5g,5g.com,Taken
5gb,5gb.com,Taken
5gi,5gi.com,Taken
5htp,5htp.com,Taken
5i,5i.com,Taken
5ia,5ia.com,Taken
5ii,5ii.com,Taken
5ire,5ire.com,Taken
5j5,5j5.com,Taken
5jr,5jr.com,Taken
5k,5k.com,Taken
5kk,5kk.com,Taken
5kv,5kv.com,Taken
5m,5m.com,Taken
5me,5me.com,Taken
5min,5min.com,Taken
5mo,5mo.com,Taken
5nx,5nx.com,Taken
5o7,5o7.com,Taken
5o9,5o9.com,Taken
5os,5os.com,Taken
5ps,5ps.com,Taken
5q,5q.com,Taken
5q5,5q5.com,Taken
5qr,5qr.com,Taken
5r,5r.com,Taken
5rn,5rn.com,Taken
5ro,5ro.com,Taken
5ruedas,5ruedas.com,Taken
5rv,5rv.com,Taken
5s,5s.com,Taken
5s7,5s7.com,Taken
5starperformance,5starperformance.com,Taken
5starsupplies,5starsupplies.com,Taken
5t5,5t5.com,Taken
5t8,5t8.com,Taken
5td,5td.com,Taken
5tg,5tg.com,Taken
5th,5th.com,Taken
5towns,5towns.com,Taken
5ts,5ts.com,Taken
5tv,5tv.com,Taken
5v5,5v5.com,Taken
5weg,5weg.com,Taken
5wh,5wh.com,Taken
5wi,5wi.com,Taken
5wu,5wu.com,Taken
5x,5x.com,Taken
5x0,5x0.com,Taken
5x1,5x1.com,Taken
5x2,5x2.com,Taken
5x30,5x30.com,Taken
5xf,5xf.com,Taken
5y4,5y4.com,Taken
5y5,5y5.com,Taken
5yh,5yh.com,Taken
5you,5you.com,Taken
5yq,5yq.com,Taken
5z,5z.com,Taken
5zz,5zz.com,Taken
600rr,600rr.com,Taken
60d,60d.com,Taken
60k,60k.com,Taken
60p,60p.com,Taken
60s,60s.com,Taken
63ph,63ph.com,Taken
64d,64d.com,Taken
64px,64px.com,Taken
666bet,666bet.com,Taken
66e,66e.com,Taken
66er,66er.com,Taken
66ers,66ers.com,Taken
66i,66i.com,Taken
66o,66o.com,Taken
66t,66t.com,Taken
66w,66w.com,Taken
66y,66y.com,Taken
66z,66z.com,Taken
67o,67o.com,Taken
69gay,69gay.com,Taken
69k,69k.com,Taken
69q,69q.com,Taken
6a,6a.com,Taken
6ag,6ag.com,Taken
6aq,6aq.com,Taken
6au,6au.com,Taken
6b,6b.com,Taken
6b2,6b2.com,Taken
6bx,6bx.com,Taken
6car,6car.com,Taken
6d,6d.com,Taken
6d3,6d3.com,Taken
6da,6da.com,Taken
6dp,6dp.com,Taken
6du,6du.com,Taken
6ee,6ee.com,Taken
6er,6er.com,Taken
6eu,6eu.com,Taken
6ez,6ez.com,Taken
6f,6f.com,Taken
6fb,6fb.com,Taken
6fd,6fd.com,Taken
6ff,6ff.com,Taken
6fo,6fo.com,Taken
6ft,6ft.com,Taken
6fx,6fx.com,Taken
6g,6g.com,Taken
6games,6games.com,Taken
6gk,6gk.com,Taken
6h,6h.com,Taken
6h9,6h9.com,Taken
6hg,6hg.com,Taken
6hi,6hi.com,Taken
6hj,6hj.com,Taken
6htv,6htv.com,Taken
6hub,6hub.com,Taken
6if,6if.com,Taken
6iq,6iq.com,Taken
6jg,6jg.com,Taken
6jj,6jj.com,Taken
6jt,6jt.com,Taken
6k,6k.com,Taken
6l1,6l1.com,Taken
6lack,6lack.com,Taken
6ll,6ll.com,Taken
6lp,6lp.com,Taken
6m,6m.com,Taken
6mm,6mm.com,Taken
6n,6n.com,Taken
6nb,6nb.com,Taken
6oh,6oh.com,Taken
6oo,6oo.com,Taken
6p,6p.com,Taken
6p4,6p4.com,Taken
6pb,6pb.com,Taken
6r,6r.com,Taken
6richtige,6richtige.com,Taken
6rz,6rz.com,Taken
6s,6s.com,Taken
6s6,6s6.com,Taken
6si,6si.com,Taken
6so,6so.com,Taken
6sq,6sq.com,Taken
6ss,6ss.com,Taken
6t,6t.com,Taken
6t6,6t6.com,Taken
6t7,6t7.com,Taken
6tn,6tn.com,Taken
6tu,6tu.com,Taken
6tw,6tw.com,Taken
6u,6u.com,Taken
6u6,6u6.com,Taken
6ub,6ub.com,Taken
6uc,6uc.com,Taken
6uf,6uf.com,Taken
6un,6un.com,Taken
6us,6us.com,Taken
6uu,6uu.com,Taken
6vw,6vw.com,Taken
6x2,6x2.com,Taken
6x5,6x5.com,Taken
6xe,6xe.com,Taken
6xq,6xq.com,Taken
6xy,6xy.com,Taken
6yc,6yc.com,Taken
6yw,6yw.com,Taken
6zm,6zm.com,Taken
6zz,6zz.com,Taken
70a,70a.com,Taken
70x,70x.com,Taken
70z,70z.com,Taken
71g,71g.com,Taken
72dpi,72dpi.com,Taken
72v,72v.com,Taken
73p,73p.com,Taken
73v,73v.com,Taken
74h,74h.com,Taken
76h,76h.com,Taken
777cc,777cc.com,Taken
777e,777e.com,Taken
777uu,777uu.com,Taken
777vv,777vv.com,Taken
777x,777x.com,Taken
77ee,77ee.com,Taken
77j,77j.com,Taken
77km,77km.com,Taken
77l,77l.com,Taken
77o,77o.com,Taken
78d,78d.com,Taken
79h,79h.com,Taken
79q,79q.com,Taken
7a,7a.com,Taken
7a7,7a7.com,Taken
7a7a,7a7a.com,Taken
7all,7all.com,Taken
7am,7am.com,Taken
7ar,7ar.com,Taken
7b,7b.com,Taken
7b1,7b1.com,Taken
7bail,7bail.com,Available
7bb,7bb.com,Taken
7bet,7bet.com,Taken
7bit,7bit.com,Taken
7bl,7bl.com,Taken
7br,7br.com,Taken
7c,7c.com,Taken
7care,7care.com,Taken
7ce,7ce.com,Taken
7chan,7chan.com,Taken
7ci,7ci.com,Taken
7clik,7clik.com,Taken
7cr,7cr.com,Taken
7cs,7cs.com,Taken
7dd,7dd.com,Taken
7e,7e.com,Taken
7ec,7ec.com,Taken
7ek,7ek.com,Taken
7even,7even.com,Taken
7f,7f.com,Taken
7fs,7fs.com,Taken
7ft,7ft.com,Taken
7g,7g.com,Taken
7gp,7gp.com,Taken
7h,7h.com,Taken
7h7,7h7.com,Taken
7hb,7hb.com,Taken
7hh,7hh.com,Taken
7hr,7hr.com,Taken
7hv,7hv.com,Taken
7if,7if.com,Taken
7jl,7jl.com,Taken
7ju,7ju.com,Taken
7kl,7kl.com,Taken
7l,7l.com,Taken
7l1,7l1.com,Taken
7l7,7l7.com,Taken
7le,7le.com,Taken
7lok,7lok.com,Taken
7lr,7lr.com,Taken
7m,7m.com,Taken
7maravillas,7maravillas.com,Available
7mb,7mb.com,Taken
7n,7n.com,Taken
7nic,7nic.com,Taken
7o,7o.com,Taken
7o7,7o7.com,Taken
7on7,7on7.com,Taken
7pe,7pe.com,Taken
7pf,7pf.com,Taken
7pm,7pm.com,Taken
7qb,7qb.com,Taken
7qq,7qq.com,Taken
7ro,7ro.com,Taken
7rr,7rr.com,Taken
7s,7s.com,Taken
7se,7se.com,Taken
7sec,7sec.com,Taken
7stars,7stars.com,Taken
7sun,7sun.com,Taken
7t,7t.com,Taken
7tc,7tc.com,Taken
7th,7th.com,Taken
7to9,7to9.com,Taken
7uc,7uc.com,Taken
7us,7us.com,Taken
7v,7v.com,Taken
7wb,7wb.com,Taken
7x,7x.com,Taken
7x1,7x1.com,Taken
7x4,7x4.com,Taken
7x5,7x5.com,Taken
7x6,7x6.com,Taken
7x9,7x9.com,Taken
7xa,7xa.com,Taken
7xk,7xk.com,Taken
7y,7y.com,Taken
7y7,7y7.com,Taken
7yo,7yo.com,Taken
7z,7z.com,Taken
7z7,7z7.com,Taken
7zs,7zs.com,Taken
7zy,7zy.com,Taken
80s,80s.com,Taken
83n,83n.com,Taken
84bet,84bet.com,Taken
84d,84d.com,Taken
84v,84v.com,Taken
85s,85s.com,Taken
87b,87b.com,Taken
888fx,888fx.com,Taken
888i,888i.com,Taken
88a,88a.com,Taken
88sj,88sj.com,Taken
89g,89g.com,Taken
89n,89n.com,Taken
8a,8a.com,Taken
8ak,8ak.com,Taken
8am,8am.com,Taken
8b,8b.com,Taken
8ba,8ba.com,Taken
8bit,8bit.com,Taken
8bx,8bx.com,Taken
8c,8c.com,Taken
8cap,8cap.com,Taken
8d,8d.com,Taken
8degrees,8degrees.com,Taken
8em,8em.com,Taken
8f,8f.com,Taken
8fit,8fit.com,Taken
8fx,8fx.com,Taken
8g,8g.com,Taken
8g7,8g7.com,Taken
8h,8h.com,Taken
8h8,8h8.com,Taken
8hj,8hj.com,Taken
8ht,8ht.com,Taken
8i1,8i1.com,Taken
8ii,8ii.com,Taken
8k,8k.com,Taken
8l,8l.com,Taken
8l0,8l0.com,Taken
8l2,8l2.com,Taken
8lf,8lf.com,Taken
8li,8li.com,Taken
8lt,8lt.com,Taken
8m,8m.com,Taken
8mobile,8mobile.com,Taken
8nf,8nf.com,Taken
8o,8o.com,Taken
8o8,8o8.com,Taken
8oot,8oot.com,Taken
8pp,8pp.com,Taken
8pr,8pr.com,Taken
8q,8q.com,Taken
8ql,8ql.com,Taken
8qq,8qq.com,Taken
8qy,8qy.com,Taken
8rr,8rr.com,Taken
8rt,8rt.com,Taken
8thstreelatinas,8thstreelatinas.com,Available
8thstreetlatians,8thstreetlatians.com,Available
8tk,8tk.com,Taken
8tt,8tt.com,Taken
8ug,8ug.com,Taken
8vl,8vl.com,Taken
8vz,8vz.com,Taken
8w,8w.com,Taken
8ww,8ww.com,Taken
8x,8x.com,Taken
8x1,8x1.com,Taken
8x3,8x3.com,Taken
8x6,8x6.com,Taken
8x7,8x7.com,Taken
8x8,8x8.com,Taken
8xp,8xp.com,Taken
8y,8y.com,Taken
8years,8years.com,Taken
8z,8z.com,Taken
8zu,8zu.com,Taken
90h,90h.com,Taken
90o,90o.com,Taken
90r,90r.com,Taken
90s,90s.com,Taken
90vr,90vr.com,Taken
911it,911it.com,Taken
911media,911media.com,Taken
911supply,911supply.com,Taken
91cn,91cn.com,Taken
95m,95m.com,Taken
95p,95p.com,Taken
96a,96a.com,Taken
96k,96k.com,Taken
96win,96win.com,Taken
999s,999s.com,Taken
99aa,99aa.com,Taken
99funnels,99funnels.com,Taken
99pro,99pro.com,Taken
99qq,99qq.com,Taken
99rooms,99rooms.com,Taken
99s,99s.com,Taken
99t,99t.com,Taken
99u,99u.com,Taken
9a,9a.com,Taken
9b,9b.com,Taken
9b0,9b0.com,Taken
9bar,9bar.com,Taken
9c9,9c9.com,Taken
9cq,9cq.com,Taken
9d,9d.com,Taken
9e,9e.com,Taken
9e9,9e9.com,Taken
9ee,9ee.com,Taken
9et,9et.com,Taken
9ev,9ev.com,Taken
9f,9f.com,Taken
9f6,9f6.com,Taken
9fap,9fap.com,Taken
9gf,9gf.com,Taken
9gk,9gk.com,Taken
9gl,9gl.com,Taken
9gv,9gv.com,Taken
9h0,9h0.com,Taken
9hj,9hj.com,Taken
9ho,9ho.com,Taken
9i,9i.com,Taken
9ib,9ib.com,Taken
9j,9j.com,Taken
9ja,9ja.com,Taken
9jc,9jc.com,Taken
9k0,9k0.com,Taken
9k9,9k9.com,Taken
9kl,9kl.com,Taken
9l,9l.com,Taken
9l9,9l9.com,Taken
9lol,9lol.com,Taken
9lp,9lp.com,Taken
9lr,9lr.com,Taken
9lv,9lv.com,Taken
9lz,9lz.com,Taken
9mm,9mm.com,Taken
9n,9n.com,Taken
9net,9net.com,Taken
9o9,9o9.com,Taken
9oa,9oa.com,Taken
9oi,9oi.com,Taken
9online,9online.com,Taken
9oo,9oo.com,Taken
9out,9out.com,Taken
9p,9p.com,Taken
9pr,9pr.com,Taken
9qq,9qq.com,Taken
9r7,9r7.com,Taken
9re,9re.com,Taken
9ren,9ren.com,Taken
9s,9s.com,Taken
9s1,9s1.com,Taken
9sb,9sb.com,Taken
9sf,9sf.com,Taken
9sports,9sports.com,Taken
9t,9t.com,Taken
9tc,9tc.com,Taken
9te,9te.com,Taken
9th,9th.com,Taken
9tk,9tk.com,Taken
9u,9u.com,Taken
9ut,9ut.com,Taken
9v,9v.com,Taken
9v5,9v5.com,Taken
9w3,9w3.com,Taken
9way,9way.com,Taken
9x3,9x3.com,Taken
9x8,9x8.com,Taken
9xi,9xi.com,Taken
9xx,9xx.com,Taken
9y1,9y1.com,Taken
9y9,9y9.com,Taken
9yg,9yg.com,Taken
a0,a0.com,Taken
a00,a00.com,Taken
a01,a01.com,Taken
a08,a08.com,Taken
a1,a1.com,Taken
a10,a10.com,Taken
a14,a14.com,Taken
a15,a15.com,Taken
a1b2b,a1b2b.com,Taken
a1bg,a1bg.com,Taken
a1k,a1k.com,Taken
a1w,a1w.com,Taken
a2,a2.com,Taken
a29,a29.com,Taken
a2e,a2e.com,Taken
a2n,a2n.com,Taken
a2o,a2o.com,Taken
a2x,a2x.com,Taken
a2z,a2z.com,Taken
a3,a3.com,Taken
a3d,a3d.com,Taken
a3k,a3k.com,Taken
a3m,a3m.com,Taken
a3s,a3s.com,Taken
a3w,a3w.com,Taken
a3x,a3x.com,Taken
a4,a4.com,Taken
a40,a40.com,Taken
a4apple,a4apple.com,Taken
a4l,a4l.com,Taken
a4mc,a4mc.com,Taken
a5,a5.com,Taken
a5l,a5l.com,Taken
a6,a6.com,Taken
a66,a66.com,Taken
a6e,a6e.com,Taken
a7,a7.com,Taken
a76,a76.com,Taken
a8,a8.com,Taken
a8c,a8c.com,Taken
a90,a90.com,Taken
a9a,a9a.com,Taken
a9g,a9g.com,Taken
aa,aa.com,Taken
aa1,aa1.com,Taken
aa1122,aa1122.com,Taken
aaa,aaa.com,Taken
aaageneralcontractorsanantonio,aaageneralcontractorsanantonio.com,Available
aaah,aaah.com,Taken
aaam,aaam.com,Taken
aaamerica,aaamerica.com,Taken
aaams,aaams.com,Taken
aaas,aaas.com,Taken
aac,aac.com,Taken
aacco,aacco.com,Taken
aacf,aacf.com,Taken
aachen,aachen.com,Taken
aacsb,aacsb.com,Taken
aadam,aadam.com,Taken
aadr,aadr.com,Taken
aaess,aaess.com,Taken
aaet,aaet.com,Taken
aaf,aaf.com,Taken
aafb,aafb.com,Taken
aag,aag.com,Taken
aagn,aagn.com,Taken
aagni,aagni.com,Taken
aagy,aagy.com,Taken
aah,aah.com,Taken
aahb,aahb.com,Taken
aahi,aahi.com,Taken
aahk,aahk.com,Taken
aahl,aahl.com,Taken
aaho,aaho.com,Taken
aai,aai.com,Taken
aaitv,aaitv.com,Taken
aak,aak.com,Taken
aal,aal.com,Taken
aale,aale.com,Taken
aalok,aalok.com,Taken
aaltjes,aaltjes.com,Taken
aama,aama.com,Taken
aambeien,aambeien.com,Taken
aamr,aamr.com,Taken
aams,aams.com,Taken
aan,aan.com,Taken
aanbiedingen,aanbiedingen.com,Taken
aanbod,aanbod.com,Taken
aandacht,aandacht.com,Taken
aandekust,aandekust.com,Taken
aandelen,aandelen.com,Taken
aandelenkopen,aandelenkopen.com,Taken
aankopen,aankopen.com,Taken
aannemers,aannemers.com,Taken
aannemersbedrijf,aannemersbedrijf.com,Taken
aansprakelijkheids,aansprakelijkheids.com,Available
aanstekers,aanstekers.com,Taken
aanv,aanv.com,Taken
aaoe,aaoe.com,Taken
aap,aap.com,Taken
aapf,aapf.com,Taken
aapnootmies,aapnootmies.com,Taken
aapo,aapo.com,Taken
aapple,aapple.com,Taken
aaqs,aaqs.com,Taken
aarc,aarc.com,Taken
aarde,aarde.com,Taken
aarhus,aarhus.com,Taken
aarna,aarna.com,Taken
aaron,aaron.com,Taken
aaronia,aaronia.com,Taken
aarp,aarp.com,Taken
aars,aars.com,Taken
aaru,aaru.com,Taken
aas,aas.com,Taken
aass,aass.com,Taken
aati,aati.com,Taken
aatime,aatime.com,Taken
aatish,aatish.com,Taken
aau,aau.com,Taken
aav,aav.com,Taken
aaw,aaw.com,Taken
aay,aay.com,Taken
aazz,aazz.com,Taken
ab,ab.com,Taken
aba,aba.com,Taken
abaca,abaca.com,Taken
abaco,abaco.com,Taken
abacode,abacode.com,Taken
abacus,abacus.com,Taken
abad,abad.com,Taken
abakus,abakus.com,Taken
abam,abam.com,Taken
abama,abama.com,Taken
aban,aban.com,Taken
abandon,abandon.com,Taken
abandonment,abandonment.com,Taken
abandonware,abandonware.com,Taken
abans,abans.com,Taken
abaqus,abaqus.com,Taken
abas,abas.com,Taken
abash,abash.com,Taken
abasto,abasto.com,Taken
abatement,abatement.com,Taken
abaton,abaton.com,Taken
abax,abax.com,Taken
abb,abb.com,Taken
abba,abba.com,Taken
abbacus,abbacus.com,Taken
abbate,abbate.com,Taken
abbey,abbey.com,Taken
abbi,abbi.com,Taken
abbicci,abbicci.com,Taken
abbiegehilfe,abbiegehilfe.com,Available
abbotsford,abbotsford.com,Taken
abbott,abbott.com,Taken
abbs,abbs.com,Taken
abbuv,abbuv.com,Taken
abby,abby.com,Taken
abc,abc.com,Taken
abc4u,abc4u.com,Taken
abc777,abc777.com,Taken
abc88,abc88.com,Taken
abcd,abcd.com,Taken
abcdevw,abcdevw.com,Available
abci,abci.com,Taken
abcis,abcis.com,Taken
abclocal,abclocal.com,Taken
abclyrics,abclyrics.com,Taken
abco,abco.com,Taken
abcriminallawyer,abcriminallawyer.com,Taken
abcrm,abcrm.com,Taken
abcsystem,abcsystem.com,Taken
abctech,abctech.com,Taken
abcto,abcto.com,Taken
abcva,abcva.com,Taken
abd,abd.com,Taken
abdeckungen,abdeckungen.com,Taken
abdel,abdel.com,Taken
abdera,abdera.com,Taken
abdiana,abdiana.com,Taken
abdichtung,abdichtung.com,Taken
abdominal,abdominal.com,Taken
abdul,abdul.com,Taken
abdullah,abdullah.com,Taken
abdulrahman,abdulrahman.com,Taken
abe,abe.com,Taken
abebe,abebe.com,Taken
abedo,abedo.com,Taken
abee,abee.com,Taken
abeilles,abeilles.com,Taken
abejorro,abejorro.com,Taken
abel,abel.com,Taken
abella,abella.com,Taken
abels,abels.com,Taken
abend,abend.com,Taken
abendgymnasium,abendgymnasium.com,Taken
abendkasse,abendkasse.com,Taken
abendkleid,abendkleid.com,Taken
abendkleider,abendkleider.com,Taken
abendmode,abendmode.com,Taken
abendschule,abendschule.com,Taken
abendstudium,abendstudium.com,Taken
abenteuer,abenteuer.com,Taken
abeona,abeona.com,Taken
abeos,abeos.com,Taken
aberdeen,aberdeen.com,Taken
aberglaube,aberglaube.com,Taken
abes,abes.com,Taken
abet,abet.com,Taken
abets,abets.com,Taken
abett,abett.com,Taken
abetter,abetter.com,Taken
abetterworld,abetterworld.com,Taken
abey,abey.com,Taken
abfall,abfall.com,Taken
abflug,abflug.com,Taken
abfluss,abfluss.com,Taken
abfrage,abfrage.com,Taken
abgelaufen,abgelaufen.com,Taken
abgir,abgir.com,Taken
abhima,abhima.com,Taken
abholen,abholen.com,Taken
abi,abi.com,Taken
abia,abia.com,Taken
abiball,abiball.com,Taken
abic,abic.com,Taken
abid,abid.com,Taken
abidden,abidden.com,Taken
abidjan,abidjan.com,Taken
abigail,abigail.com,Taken
abilio,abilio.com,Taken
abilities,abilities.com,Taken
ability,ability.com,Taken
abillama,abillama.com,Taken
abilmente,abilmente.com,Taken
abimo,abimo.com,Taken
abita,abita.com,Taken
abitiamo,abitiamo.com,Taken
abito,abito.com,Taken
abitur,abitur.com,Taken
abituraufgaben,abituraufgaben.com,Taken
abiu,abiu.com,Taken
abiz,abiz.com,Taken
abjz,abjz.com,Taken
abkhazia,abkhazia.com,Taken
abkochen,abkochen.com,Available
abkuerzungs,abkuerzungs.com,Available
abl,abl.com,Taken
abla,abla.com,Taken
ablagetisch,ablagetisch.com,Available
ablar,ablar.com,Taken
ablass,ablass.com,Taken
ablation,ablation.com,Taken
able,able.com,Taken
ables,ables.com,Taken
ableton,ableton.com,Taken
ablonczy,ablonczy.com,Taken
abls,abls.com,Taken
ablufttrockner,ablufttrockner.com,Taken
ably,ably.com,Taken
abm,abm.com,Taken
abmahner,abmahner.com,Available
abmahnung,abmahnung.com,Taken
abmelden,abmelden.com,Taken
abmeldung,abmeldung.com,Taken
abmf,abmf.com,Taken
abmt,abmt.com,Taken
abn,abn.com,Taken
abnehm,abnehm.com,Taken
abnehmen,abnehmen.com,Taken
abnet,abnet.com,Taken
abnex,abnex.com,Taken
abng,abng.com,Taken
abnj,abnj.com,Taken
abo,abo.com,Taken
aboard,aboard.com,Taken
abobo,abobo.com,Taken
abode,abode.com,Taken
abodes,abodes.com,Taken
abogado,abogado.com,Taken
abogados,abogados.com,Taken
abogadosdeinmigracion,abogadosdeinmigracion.com,Taken
abolishing,abolishing.com,Taken
abonnement,abonnement.com,Taken
abonnieren,abonnieren.com,Taken
abono,abono.com,Taken
aboriginal,aboriginal.com,Taken
aboriginals,aboriginals.com,Taken
aborigini,aborigini.com,Taken
abortifacients,abortifacients.com,Taken
abortion,abortion.com,Taken
abos,abos.com,Taken
abostore,abostore.com,Taken
abound,abound.com,Taken
about,about.com,Taken
aboutagirl,aboutagirl.com,Taken
above,above.com,Taken
abovegroundtanks,abovegroundtanks.com,Taken
abox,abox.com,Taken
abp,abp.com,Taken
abpc,abpc.com,Taken
abpower,abpower.com,Taken
abq,abq.com,Taken
abqa,abqa.com,Taken
abr,abr.com,Taken
abra,abra.com,Taken
abraham,abraham.com,Taken
abrakadabra,abrakadabra.com,Taken
abrams,abrams.com,Taken
abrasives,abrasives.com,Taken
abraxas,abraxas.com,Taken
abrazar,abrazar.com,Taken
abre,abre.com,Taken
abrechnung,abrechnung.com,Taken
abrh,abrh.com,Taken
abri,abri.com,Taken
abridejardin,abridejardin.com,Taken
abroad,abroad.com,Taken
abruf,abruf.com,Taken
abrx,abrx.com,Taken
abs,abs.com,Taken
abs360,abs360.com,Taken
absa,absa.com,Taken
absalon,absalon.com,Taken
absatz,absatz.com,Taken
absatzmarketing,absatzmarketing.com,Taken
abscent,abscent.com,Taken
abschalten,abschalten.com,Taken
abscheider,abscheider.com,Taken
abschiedsbrief,abschiedsbrief.com,Taken
abschluss,abschluss.com,Taken
abschreibung,abschreibung.com,Taken
absi,absi.com,Taken
absinthes,absinthes.com,Taken
absl,absl.com,Taken
absolute,absolute.com,Taken
absolutely,absolutely.com,Taken
absolventen,absolventen.com,Taken
absonant,absonant.com,Taken
absorbers,absorbers.com,Taken
absorbing,absorbing.com,Taken
absp,absp.com,Taken
abspeichern,abspeichern.com,Taken
absperrpf,absperrpf.com,Available
abspritzen,abspritzen.com,Taken
abss,abss.com,Taken
abstainers,abstainers.com,Taken
abstammungs,abstammungs.com,Available
abstract,abstract.com,Taken
abstracts,abstracts.com,Taken
absturz,absturz.com,Taken
absurd,absurd.com,Taken
abt,abt.com,Taken
abtc,abtc.com,Taken
abteilung,abteilung.com,Taken
abts,abts.com,Taken
abtv,abtv.com,Taken
abu,abu.com,Taken
abudabi,abudabi.com,Taken
abuk,abuk.com,Taken
abundance,abundance.com,Taken
abundancia,abundancia.com,Taken
abundant,abundant.com,Taken
abus,abus.com,Taken
abusable,abusable.com,Taken
abuse,abuse.com,Taken
abut,abut.com,Taken
abuzz,abuzz.com,Taken
abv,abv.com,Taken
abva,abva.com,Taken
abvj,abvj.com,Taken
abwasch,abwasch.com,Taken
abwicklung,abwicklung.com,Taken
abx,abx.com,Taken
aby,aby.com,Taken
abya,abya.com,Taken
abyat,abyat.com,Taken
abys,abys.com,Taken
abyss,abyss.com,Taken
abyssinia,abyssinia.com,Taken
abzh,abzh.com,Taken
abzocke,abzocke.com,Taken
abzug,abzug.com,Taken
ac,ac.com,Taken
ac360,ac360.com,Taken
ac88,ac88.com,Taken
aca,aca.com,Taken
acabar,acabar.com,Taken
acacia,acacia.com,Taken
acad,acad.com,Taken
academi,academi.com,Taken
academia,academia.com,Taken
