Domain,Keyword,Category,Market Logic
edgemesh.tech,edgemesh,B2B SaaS / Premium Tech-Combo (Batch 2),"Ideal for networking infrastructure, IoT connectivity, and hardware communication."
edgebot.tech,edgebot,B2B SaaS / Premium Tech-Combo (Batch 2),"Strategic fit for AI automation, customer support bots, and problem-solving software."
edgevault.tech,edgevault,B2B SaaS / Premium Tech-Combo (Batch 2),"Targeted for cybersecurity, digital asset protection, and secure data storage."
edgepoint.tech,edgepoint,B2B SaaS / Premium Tech-Combo (Batch 2),Modern tech brand name for scalable enterprise software and cloud-native apps.
edgekey.tech,edgekey,B2B SaaS / Premium Tech-Combo (Batch 2),"Targeted for cybersecurity, digital asset protection, and secure data storage."
edgewire.tech,edgewire,B2B SaaS / Premium Tech-Combo (Batch 2),"Ideal for networking infrastructure, IoT connectivity, and hardware communication."
edgetrack.tech,edgetrack,B2B SaaS / Premium Tech-Combo (Batch 2),Modern tech brand name for scalable enterprise software and cloud-native apps.
edgeview.tech,edgeview,B2B SaaS / Premium Tech-Combo (Batch 2),Modern tech brand name for scalable enterprise software and cloud-native apps.
edgeport.tech,edgeport,B2B SaaS / Premium Tech-Combo (Batch 2),Modern tech brand name for scalable enterprise software and cloud-native apps.
edgehive.tech,edgehive,B2B SaaS / Premium Tech-Combo (Batch 2),Modern tech brand name for scalable enterprise software and cloud-native apps.
edgenest.tech,edgenest,B2B SaaS / Premium Tech-Combo (Batch 2),Modern tech brand name for scalable enterprise software and cloud-native apps.
edgezone.tech,edgezone,B2B SaaS / Premium Tech-Combo (Batch 2),Modern tech brand name for scalable enterprise software and cloud-native apps.
edgespace.tech,edgespace,B2B SaaS / Premium Tech-Combo (Batch 2),Modern tech brand name for scalable enterprise software and cloud-native apps.
edgeway.tech,edgeway,B2B SaaS / Premium Tech-Combo (Batch 2),Modern tech brand name for scalable enterprise software and cloud-native apps.
edgelayer.tech,edgelayer,B2B SaaS / Premium Tech-Combo (Batch 2),Modern tech brand name for scalable enterprise software and cloud-native apps.
edgestep.tech,edgestep,B2B SaaS / Premium Tech-Combo (Batch 2),Modern tech brand name for scalable enterprise software and cloud-native apps.
edgemove.tech,edgemove,B2B SaaS / Premium Tech-Combo (Batch 2),Modern tech brand name for scalable enterprise software and cloud-native apps.
edgerun.tech,edgerun,B2B SaaS / Premium Tech-Combo (Batch 2),Modern tech brand name for scalable enterprise software and cloud-native apps.
edgefix.tech,edgefix,B2B SaaS / Premium Tech-Combo (Batch 2),"Strategic fit for AI automation, customer support bots, and problem-solving software."
edgesolve.tech,edgesolve,B2B SaaS / Premium Tech-Combo (Batch 2),"Strategic fit for AI automation, customer support bots, and problem-solving software."
edgemind.tech,edgemind,B2B SaaS / Premium Tech-Combo (Batch 2),"Strategic fit for AI automation, customer support bots, and problem-solving software."
edgelink.tech,edgelink,B2B SaaS / Premium Tech-Combo (Batch 2),"Ideal for networking infrastructure, IoT connectivity, and hardware communication."
edgenet.tech,edgenet,B2B SaaS / Premium Tech-Combo (Batch 2),"Ideal for networking infrastructure, IoT connectivity, and hardware communication."
edgepulse.tech,edgepulse,B2B SaaS / Premium Tech-Combo (Batch 2),Modern tech brand name for scalable enterprise software and cloud-native apps.
edgebit.tech,edgebit,B2B SaaS / Premium Tech-Combo (Batch 2),Modern tech brand name for scalable enterprise software and cloud-native apps.
edgebox.tech,edgebox,B2B SaaS / Premium Tech-Combo (Batch 2),Modern tech brand name for scalable enterprise software and cloud-native apps.
edgekit.tech,edgekit,B2B SaaS / Premium Tech-Combo (Batch 2),Modern tech brand name for scalable enterprise software and cloud-native apps.
edgetool.tech,edgetool,B2B SaaS / Premium Tech-Combo (Batch 2),Modern tech brand name for scalable enterprise software and cloud-native apps.
edgebridge.tech,edgebridge,B2B SaaS / Premium Tech-Combo (Batch 2),"Ideal for networking infrastructure, IoT connectivity, and hardware communication."
edgepath.tech,edgepath,B2B SaaS / Premium Tech-Combo (Batch 2),"Ideal for networking infrastructure, IoT connectivity, and hardware communication."
edgegate.tech,edgegate,B2B SaaS / Premium Tech-Combo (Batch 2),"Targeted for cybersecurity, digital asset protection, and secure data storage."
edgestream.tech,edgestream,B2B SaaS / Premium Tech-Combo (Batch 2),Modern tech brand name for scalable enterprise software and cloud-native apps.
edgewave.tech,edgewave,B2B SaaS / Premium Tech-Combo (Batch 2),Modern tech brand name for scalable enterprise software and cloud-native apps.
edgedrift.tech,edgedrift,B2B SaaS / Premium Tech-Combo (Batch 2),Modern tech brand name for scalable enterprise software and cloud-native apps.
nanomesh.tech,nanomesh,B2B SaaS / Premium Tech-Combo (Batch 2),"Ideal for networking infrastructure, IoT connectivity, and hardware communication."
nanobot.tech,nanobot,B2B SaaS / Premium Tech-Combo (Batch 2),"Strategic fit for AI automation, customer support bots, and problem-solving software."
nanovault.tech,nanovault,B2B SaaS / Premium Tech-Combo (Batch 2),"Targeted for cybersecurity, digital asset protection, and secure data storage."
nanopoint.tech,nanopoint,B2B SaaS / Premium Tech-Combo (Batch 2),Modern tech brand name for scalable enterprise software and cloud-native apps.
nanokey.tech,nanokey,B2B SaaS / Premium Tech-Combo (Batch 2),"Targeted for cybersecurity, digital asset protection, and secure data storage."
nanowire.tech,nanowire,B2B SaaS / Premium Tech-Combo (Batch 2),"Ideal for networking infrastructure, IoT connectivity, and hardware communication."
nanotrack.tech,nanotrack,B2B SaaS / Premium Tech-Combo (Batch 2),Modern tech brand name for scalable enterprise software and cloud-native apps.
nanoview.tech,nanoview,B2B SaaS / Premium Tech-Combo (Batch 2),Modern tech brand name for scalable enterprise software and cloud-native apps.
nanoport.tech,nanoport,B2B SaaS / Premium Tech-Combo (Batch 2),Modern tech brand name for scalable enterprise software and cloud-native apps.
nanohive.tech,nanohive,B2B SaaS / Premium Tech-Combo (Batch 2),Modern tech brand name for scalable enterprise software and cloud-native apps.
nanonest.tech,nanonest,B2B SaaS / Premium Tech-Combo (Batch 2),Modern tech brand name for scalable enterprise software and cloud-native apps.
nanozone.tech,nanozone,B2B SaaS / Premium Tech-Combo (Batch 2),Modern tech brand name for scalable enterprise software and cloud-native apps.
nanospace.tech,nanospace,B2B SaaS / Premium Tech-Combo (Batch 2),Modern tech brand name for scalable enterprise software and cloud-native apps.
nanoway.tech,nanoway,B2B SaaS / Premium Tech-Combo (Batch 2),Modern tech brand name for scalable enterprise software and cloud-native apps.
nanolayer.tech,nanolayer,B2B SaaS / Premium Tech-Combo (Batch 2),Modern tech brand name for scalable enterprise software and cloud-native apps.
nanostep.tech,nanostep,B2B SaaS / Premium Tech-Combo (Batch 2),Modern tech brand name for scalable enterprise software and cloud-native apps.
nanomove.tech,nanomove,B2B SaaS / Premium Tech-Combo (Batch 2),Modern tech brand name for scalable enterprise software and cloud-native apps.
nanorun.tech,nanorun,B2B SaaS / Premium Tech-Combo (Batch 2),Modern tech brand name for scalable enterprise software and cloud-native apps.
nanofix.tech,nanofix,B2B SaaS / Premium Tech-Combo (Batch 2),"Strategic fit for AI automation, customer support bots, and problem-solving software."
nanosolve.tech,nanosolve,B2B SaaS / Premium Tech-Combo (Batch 2),"Strategic fit for AI automation, customer support bots, and problem-solving software."
nanomind.tech,nanomind,B2B SaaS / Premium Tech-Combo (Batch 2),"Strategic fit for AI automation, customer support bots, and problem-solving software."
nanolink.tech,nanolink,B2B SaaS / Premium Tech-Combo (Batch 2),"Ideal for networking infrastructure, IoT connectivity, and hardware communication."
nanonet.tech,nanonet,B2B SaaS / Premium Tech-Combo (Batch 2),"Ideal for networking infrastructure, IoT connectivity, and hardware communication."
nanoedge.tech,nanoedge,B2B SaaS / Premium Tech-Combo (Batch 2),Modern tech brand name for scalable enterprise software and cloud-native apps.
nanopulse.tech,nanopulse,B2B SaaS / Premium Tech-Combo (Batch 2),Modern tech brand name for scalable enterprise software and cloud-native apps.
nanobit.tech,nanobit,B2B SaaS / Premium Tech-Combo (Batch 2),Modern tech brand name for scalable enterprise software and cloud-native apps.
nanobox.tech,nanobox,B2B SaaS / Premium Tech-Combo (Batch 2),Modern tech brand name for scalable enterprise software and cloud-native apps.
nanokit.tech,nanokit,B2B SaaS / Premium Tech-Combo (Batch 2),Modern tech brand name for scalable enterprise software and cloud-native apps.
nanotool.tech,nanotool,B2B SaaS / Premium Tech-Combo (Batch 2),Modern tech brand name for scalable enterprise software and cloud-native apps.
nanobridge.tech,nanobridge,B2B SaaS / Premium Tech-Combo (Batch 2),"Ideal for networking infrastructure, IoT connectivity, and hardware communication."
nanopath.tech,nanopath,B2B SaaS / Premium Tech-Combo (Batch 2),"Ideal for networking infrastructure, IoT connectivity, and hardware communication."
nanogate.tech,nanogate,B2B SaaS / Premium Tech-Combo (Batch 2),"Targeted for cybersecurity, digital asset protection, and secure data storage."
nanostream.tech,nanostream,B2B SaaS / Premium Tech-Combo (Batch 2),Modern tech brand name for scalable enterprise software and cloud-native apps.
nanowave.tech,nanowave,B2B SaaS / Premium Tech-Combo (Batch 2),Modern tech brand name for scalable enterprise software and cloud-native apps.
nanodrift.tech,nanodrift,B2B SaaS / Premium Tech-Combo (Batch 2),Modern tech brand name for scalable enterprise software and cloud-native apps.
pulsemesh.tech,pulsemesh,B2B SaaS / Premium Tech-Combo (Batch 2),"Ideal for networking infrastructure, IoT connectivity, and hardware communication."
pulsebot.tech,pulsebot,B2B SaaS / Premium Tech-Combo (Batch 2),"Strategic fit for AI automation, customer support bots, and problem-solving software."
pulsevault.tech,pulsevault,B2B SaaS / Premium Tech-Combo (Batch 2),"Targeted for cybersecurity, digital asset protection, and secure data storage."
pulsepoint.tech,pulsepoint,B2B SaaS / Premium Tech-Combo (Batch 2),Modern tech brand name for scalable enterprise software and cloud-native apps.
pulsekey.tech,pulsekey,B2B SaaS / Premium Tech-Combo (Batch 2),"Targeted for cybersecurity, digital asset protection, and secure data storage."
pulsewire.tech,pulsewire,B2B SaaS / Premium Tech-Combo (Batch 2),"Ideal for networking infrastructure, IoT connectivity, and hardware communication."
pulsetrack.tech,pulsetrack,B2B SaaS / Premium Tech-Combo (Batch 2),Modern tech brand name for scalable enterprise software and cloud-native apps.
pulseview.tech,pulseview,B2B SaaS / Premium Tech-Combo (Batch 2),Modern tech brand name for scalable enterprise software and cloud-native apps.
pulseport.tech,pulseport,B2B SaaS / Premium Tech-Combo (Batch 2),Modern tech brand name for scalable enterprise software and cloud-native apps.
pulsehive.tech,pulsehive,B2B SaaS / Premium Tech-Combo (Batch 2),Modern tech brand name for scalable enterprise software and cloud-native apps.
pulsenest.tech,pulsenest,B2B SaaS / Premium Tech-Combo (Batch 2),Modern tech brand name for scalable enterprise software and cloud-native apps.
pulsezone.tech,pulsezone,B2B SaaS / Premium Tech-Combo (Batch 2),Modern tech brand name for scalable enterprise software and cloud-native apps.
pulsespace.tech,pulsespace,B2B SaaS / Premium Tech-Combo (Batch 2),Modern tech brand name for scalable enterprise software and cloud-native apps.
pulseway.tech,pulseway,B2B SaaS / Premium Tech-Combo (Batch 2),Modern tech brand name for scalable enterprise software and cloud-native apps.
pulselayer.tech,pulselayer,B2B SaaS / Premium Tech-Combo (Batch 2),Modern tech brand name for scalable enterprise software and cloud-native apps.
pulsestep.tech,pulsestep,B2B SaaS / Premium Tech-Combo (Batch 2),Modern tech brand name for scalable enterprise software and cloud-native apps.
pulsemove.tech,pulsemove,B2B SaaS / Premium Tech-Combo (Batch 2),Modern tech brand name for scalable enterprise software and cloud-native apps.
pulserun.tech,pulserun,B2B SaaS / Premium Tech-Combo (Batch 2),Modern tech brand name for scalable enterprise software and cloud-native apps.
pulsefix.tech,pulsefix,B2B SaaS / Premium Tech-Combo (Batch 2),"Strategic fit for AI automation, customer support bots, and problem-solving software."
pulsesolve.tech,pulsesolve,B2B SaaS / Premium Tech-Combo (Batch 2),"Strategic fit for AI automation, customer support bots, and problem-solving software."
pulsemind.tech,pulsemind,B2B SaaS / Premium Tech-Combo (Batch 2),"Strategic fit for AI automation, customer support bots, and problem-solving software."
pulselink.tech,pulselink,B2B SaaS / Premium Tech-Combo (Batch 2),"Ideal for networking infrastructure, IoT connectivity, and hardware communication."
pulsenet.tech,pulsenet,B2B SaaS / Premium Tech-Combo (Batch 2),"Ideal for networking infrastructure, IoT connectivity, and hardware communication."
pulseedge.tech,pulseedge,B2B SaaS / Premium Tech-Combo (Batch 2),Modern tech brand name for scalable enterprise software and cloud-native apps.
pulsebit.tech,pulsebit,B2B SaaS / Premium Tech-Combo (Batch 2),Modern tech brand name for scalable enterprise software and cloud-native apps.
pulsebox.tech,pulsebox,B2B SaaS / Premium Tech-Combo (Batch 2),Modern tech brand name for scalable enterprise software and cloud-native apps.
pulsekit.tech,pulsekit,B2B SaaS / Premium Tech-Combo (Batch 2),Modern tech brand name for scalable enterprise software and cloud-native apps.
pulsetool.tech,pulsetool,B2B SaaS / Premium Tech-Combo (Batch 2),Modern tech brand name for scalable enterprise software and cloud-native apps.
pulsebridge.tech,pulsebridge,B2B SaaS / Premium Tech-Combo (Batch 2),"Ideal for networking infrastructure, IoT connectivity, and hardware communication."
pulsepath.tech,pulsepath,B2B SaaS / Premium Tech-Combo (Batch 2),"Ideal for networking infrastructure, IoT connectivity, and hardware communication."
pulsegate.tech,pulsegate,B2B SaaS / Premium Tech-Combo (Batch 2),"Targeted for cybersecurity, digital asset protection, and secure data storage."
pulsestream.tech,pulsestream,B2B SaaS / Premium Tech-Combo (Batch 2),Modern tech brand name for scalable enterprise software and cloud-native apps.
pulsewave.tech,pulsewave,B2B SaaS / Premium Tech-Combo (Batch 2),Modern tech brand name for scalable enterprise software and cloud-native apps.
pulsedrift.tech,pulsedrift,B2B SaaS / Premium Tech-Combo (Batch 2),Modern tech brand name for scalable enterprise software and cloud-native apps.
meshbot.tech,meshbot,B2B SaaS / Premium Tech-Combo (Batch 2),"Strategic fit for AI automation, customer support bots, and problem-solving software."
meshvault.tech,meshvault,B2B SaaS / Premium Tech-Combo (Batch 2),"Targeted for cybersecurity, digital asset protection, and secure data storage."
meshpoint.tech,meshpoint,B2B SaaS / Premium Tech-Combo (Batch 2),Modern tech brand name for scalable enterprise software and cloud-native apps.
meshkey.tech,meshkey,B2B SaaS / Premium Tech-Combo (Batch 2),"Targeted for cybersecurity, digital asset protection, and secure data storage."
meshwire.tech,meshwire,B2B SaaS / Premium Tech-Combo (Batch 2),"Ideal for networking infrastructure, IoT connectivity, and hardware communication."
meshtrack.tech,meshtrack,B2B SaaS / Premium Tech-Combo (Batch 2),Modern tech brand name for scalable enterprise software and cloud-native apps.
meshview.tech,meshview,B2B SaaS / Premium Tech-Combo (Batch 2),Modern tech brand name for scalable enterprise software and cloud-native apps.
meshport.tech,meshport,B2B SaaS / Premium Tech-Combo (Batch 2),Modern tech brand name for scalable enterprise software and cloud-native apps.
meshhive.tech,meshhive,B2B SaaS / Premium Tech-Combo (Batch 2),Modern tech brand name for scalable enterprise software and cloud-native apps.
meshnest.tech,meshnest,B2B SaaS / Premium Tech-Combo (Batch 2),Modern tech brand name for scalable enterprise software and cloud-native apps.
meshzone.tech,meshzone,B2B SaaS / Premium Tech-Combo (Batch 2),Modern tech brand name for scalable enterprise software and cloud-native apps.
meshspace.tech,meshspace,B2B SaaS / Premium Tech-Combo (Batch 2),Modern tech brand name for scalable enterprise software and cloud-native apps.
meshway.tech,meshway,B2B SaaS / Premium Tech-Combo (Batch 2),Modern tech brand name for scalable enterprise software and cloud-native apps.
meshlayer.tech,meshlayer,B2B SaaS / Premium Tech-Combo (Batch 2),Modern tech brand name for scalable enterprise software and cloud-native apps.
meshstep.tech,meshstep,B2B SaaS / Premium Tech-Combo (Batch 2),Modern tech brand name for scalable enterprise software and cloud-native apps.
meshmove.tech,meshmove,B2B SaaS / Premium Tech-Combo (Batch 2),Modern tech brand name for scalable enterprise software and cloud-native apps.
meshrun.tech,meshrun,B2B SaaS / Premium Tech-Combo (Batch 2),Modern tech brand name for scalable enterprise software and cloud-native apps.
meshfix.tech,meshfix,B2B SaaS / Premium Tech-Combo (Batch 2),"Strategic fit for AI automation, customer support bots, and problem-solving software."
meshsolve.tech,meshsolve,B2B SaaS / Premium Tech-Combo (Batch 2),"Strategic fit for AI automation, customer support bots, and problem-solving software."
meshmind.tech,meshmind,B2B SaaS / Premium Tech-Combo (Batch 2),"Strategic fit for AI automation, customer support bots, and problem-solving software."
meshlink.tech,meshlink,B2B SaaS / Premium Tech-Combo (Batch 2),"Ideal for networking infrastructure, IoT connectivity, and hardware communication."
meshnet.tech,meshnet,B2B SaaS / Premium Tech-Combo (Batch 2),"Ideal for networking infrastructure, IoT connectivity, and hardware communication."
meshedge.tech,meshedge,B2B SaaS / Premium Tech-Combo (Batch 2),Modern tech brand name for scalable enterprise software and cloud-native apps.
meshpulse.tech,meshpulse,B2B SaaS / Premium Tech-Combo (Batch 2),Modern tech brand name for scalable enterprise software and cloud-native apps.
meshbit.tech,meshbit,B2B SaaS / Premium Tech-Combo (Batch 2),Modern tech brand name for scalable enterprise software and cloud-native apps.
meshbox.tech,meshbox,B2B SaaS / Premium Tech-Combo (Batch 2),Modern tech brand name for scalable enterprise software and cloud-native apps.
meshkit.tech,meshkit,B2B SaaS / Premium Tech-Combo (Batch 2),Modern tech brand name for scalable enterprise software and cloud-native apps.
meshtool.tech,meshtool,B2B SaaS / Premium Tech-Combo (Batch 2),Modern tech brand name for scalable enterprise software and cloud-native apps.
meshbridge.tech,meshbridge,B2B SaaS / Premium Tech-Combo (Batch 2),"Ideal for networking infrastructure, IoT connectivity, and hardware communication."
meshpath.tech,meshpath,B2B SaaS / Premium Tech-Combo (Batch 2),"Ideal for networking infrastructure, IoT connectivity, and hardware communication."
meshgate.tech,meshgate,B2B SaaS / Premium Tech-Combo (Batch 2),"Targeted for cybersecurity, digital asset protection, and secure data storage."
meshstream.tech,meshstream,B2B SaaS / Premium Tech-Combo (Batch 2),Modern tech brand name for scalable enterprise software and cloud-native apps.
meshwave.tech,meshwave,B2B SaaS / Premium Tech-Combo (Batch 2),Modern tech brand name for scalable enterprise software and cloud-native apps.
meshdrift.tech,meshdrift,B2B SaaS / Premium Tech-Combo (Batch 2),Modern tech brand name for scalable enterprise software and cloud-native apps.
vaultmesh.tech,vaultmesh,B2B SaaS / Premium Tech-Combo (Batch 2),"Ideal for networking infrastructure, IoT connectivity, and hardware communication."
vaultbot.tech,vaultbot,B2B SaaS / Premium Tech-Combo (Batch 2),"Strategic fit for AI automation, customer support bots, and problem-solving software."
vaultpoint.tech,vaultpoint,B2B SaaS / Premium Tech-Combo (Batch 2),Modern tech brand name for scalable enterprise software and cloud-native apps.
vaultkey.tech,vaultkey,B2B SaaS / Premium Tech-Combo (Batch 2),"Targeted for cybersecurity, digital asset protection, and secure data storage."
vaultwire.tech,vaultwire,B2B SaaS / Premium Tech-Combo (Batch 2),"Ideal for networking infrastructure, IoT connectivity, and hardware communication."
vaulttrack.tech,vaulttrack,B2B SaaS / Premium Tech-Combo (Batch 2),Modern tech brand name for scalable enterprise software and cloud-native apps.
vaultview.tech,vaultview,B2B SaaS / Premium Tech-Combo (Batch 2),Modern tech brand name for scalable enterprise software and cloud-native apps.
vaultport.tech,vaultport,B2B SaaS / Premium Tech-Combo (Batch 2),Modern tech brand name for scalable enterprise software and cloud-native apps.
vaulthive.tech,vaulthive,B2B SaaS / Premium Tech-Combo (Batch 2),Modern tech brand name for scalable enterprise software and cloud-native apps.
vaultnest.tech,vaultnest,B2B SaaS / Premium Tech-Combo (Batch 2),Modern tech brand name for scalable enterprise software and cloud-native apps.
vaultzone.tech,vaultzone,B2B SaaS / Premium Tech-Combo (Batch 2),Modern tech brand name for scalable enterprise software and cloud-native apps.
vaultspace.tech,vaultspace,B2B SaaS / Premium Tech-Combo (Batch 2),Modern tech brand name for scalable enterprise software and cloud-native apps.
vaultway.tech,vaultway,B2B SaaS / Premium Tech-Combo (Batch 2),Modern tech brand name for scalable enterprise software and cloud-native apps.
vaultlayer.tech,vaultlayer,B2B SaaS / Premium Tech-Combo (Batch 2),Modern tech brand name for scalable enterprise software and cloud-native apps.
vaultstep.tech,vaultstep,B2B SaaS / Premium Tech-Combo (Batch 2),Modern tech brand name for scalable enterprise software and cloud-native apps.
vaultmove.tech,vaultmove,B2B SaaS / Premium Tech-Combo (Batch 2),Modern tech brand name for scalable enterprise software and cloud-native apps.
vaultrun.tech,vaultrun,B2B SaaS / Premium Tech-Combo (Batch 2),Modern tech brand name for scalable enterprise software and cloud-native apps.
vaultfix.tech,vaultfix,B2B SaaS / Premium Tech-Combo (Batch 2),"Strategic fit for AI automation, customer support bots, and problem-solving software."
vaultsolve.tech,vaultsolve,B2B SaaS / Premium Tech-Combo (Batch 2),"Strategic fit for AI automation, customer support bots, and problem-solving software."
vaultmind.tech,vaultmind,B2B SaaS / Premium Tech-Combo (Batch 2),"Strategic fit for AI automation, customer support bots, and problem-solving software."
vaultlink.tech,vaultlink,B2B SaaS / Premium Tech-Combo (Batch 2),"Ideal for networking infrastructure, IoT connectivity, and hardware communication."
vaultnet.tech,vaultnet,B2B SaaS / Premium Tech-Combo (Batch 2),"Ideal for networking infrastructure, IoT connectivity, and hardware communication."
vaultedge.tech,vaultedge,B2B SaaS / Premium Tech-Combo (Batch 2),Modern tech brand name for scalable enterprise software and cloud-native apps.
vaultpulse.tech,vaultpulse,B2B SaaS / Premium Tech-Combo (Batch 2),Modern tech brand name for scalable enterprise software and cloud-native apps.
vaultbit.tech,vaultbit,B2B SaaS / Premium Tech-Combo (Batch 2),Modern tech brand name for scalable enterprise software and cloud-native apps.
vaultbox.tech,vaultbox,B2B SaaS / Premium Tech-Combo (Batch 2),Modern tech brand name for scalable enterprise software and cloud-native apps.
vaultkit.tech,vaultkit,B2B SaaS / Premium Tech-Combo (Batch 2),Modern tech brand name for scalable enterprise software and cloud-native apps.
vaulttool.tech,vaulttool,B2B SaaS / Premium Tech-Combo (Batch 2),Modern tech brand name for scalable enterprise software and cloud-native apps.
vaultbridge.tech,vaultbridge,B2B SaaS / Premium Tech-Combo (Batch 2),"Ideal for networking infrastructure, IoT connectivity, and hardware communication."
vaultpath.tech,vaultpath,B2B SaaS / Premium Tech-Combo (Batch 2),"Ideal for networking infrastructure, IoT connectivity, and hardware communication."
vaultgate.tech,vaultgate,B2B SaaS / Premium Tech-Combo (Batch 2),"Targeted for cybersecurity, digital asset protection, and secure data storage."
vaultstream.tech,vaultstream,B2B SaaS / Premium Tech-Combo (Batch 2),Modern tech brand name for scalable enterprise software and cloud-native apps.
vaultwave.tech,vaultwave,B2B SaaS / Premium Tech-Combo (Batch 2),Modern tech brand name for scalable enterprise software and cloud-native apps.
vaultdrift.tech,vaultdrift,B2B SaaS / Premium Tech-Combo (Batch 2),Modern tech brand name for scalable enterprise software and cloud-native apps.
safemesh.tech,safemesh,B2B SaaS / Premium Tech-Combo (Batch 2),"Ideal for networking infrastructure, IoT connectivity, and hardware communication."
safebot.tech,safebot,B2B SaaS / Premium Tech-Combo (Batch 2),"Strategic fit for AI automation, customer support bots, and problem-solving software."
safevault.tech,safevault,B2B SaaS / Premium Tech-Combo (Batch 2),"Targeted for cybersecurity, digital asset protection, and secure data storage."
safepoint.tech,safepoint,B2B SaaS / Premium Tech-Combo (Batch 2),Modern tech brand name for scalable enterprise software and cloud-native apps.
safekey.tech,safekey,B2B SaaS / Premium Tech-Combo (Batch 2),"Targeted for cybersecurity, digital asset protection, and secure data storage."
safewire.tech,safewire,B2B SaaS / Premium Tech-Combo (Batch 2),"Ideal for networking infrastructure, IoT connectivity, and hardware communication."
safetrack.tech,safetrack,B2B SaaS / Premium Tech-Combo (Batch 2),Modern tech brand name for scalable enterprise software and cloud-native apps.
safeview.tech,safeview,B2B SaaS / Premium Tech-Combo (Batch 2),Modern tech brand name for scalable enterprise software and cloud-native apps.
safeport.tech,safeport,B2B SaaS / Premium Tech-Combo (Batch 2),Modern tech brand name for scalable enterprise software and cloud-native apps.
safehive.tech,safehive,B2B SaaS / Premium Tech-Combo (Batch 2),Modern tech brand name for scalable enterprise software and cloud-native apps.
safenest.tech,safenest,B2B SaaS / Premium Tech-Combo (Batch 2),Modern tech brand name for scalable enterprise software and cloud-native apps.
safezone.tech,safezone,B2B SaaS / Premium Tech-Combo (Batch 2),Modern tech brand name for scalable enterprise software and cloud-native apps.
safespace.tech,safespace,B2B SaaS / Premium Tech-Combo (Batch 2),Modern tech brand name for scalable enterprise software and cloud-native apps.
safeway.tech,safeway,B2B SaaS / Premium Tech-Combo (Batch 2),Modern tech brand name for scalable enterprise software and cloud-native apps.
safelayer.tech,safelayer,B2B SaaS / Premium Tech-Combo (Batch 2),Modern tech brand name for scalable enterprise software and cloud-native apps.
safestep.tech,safestep,B2B SaaS / Premium Tech-Combo (Batch 2),Modern tech brand name for scalable enterprise software and cloud-native apps.
safemove.tech,safemove,B2B SaaS / Premium Tech-Combo (Batch 2),Modern tech brand name for scalable enterprise software and cloud-native apps.
saferun.tech,saferun,B2B SaaS / Premium Tech-Combo (Batch 2),Modern tech brand name for scalable enterprise software and cloud-native apps.
safefix.tech,safefix,B2B SaaS / Premium Tech-Combo (Batch 2),"Strategic fit for AI automation, customer support bots, and problem-solving software."
safesolve.tech,safesolve,B2B SaaS / Premium Tech-Combo (Batch 2),"Strategic fit for AI automation, customer support bots, and problem-solving software."
safemind.tech,safemind,B2B SaaS / Premium Tech-Combo (Batch 2),"Strategic fit for AI automation, customer support bots, and problem-solving software."
safelink.tech,safelink,B2B SaaS / Premium Tech-Combo (Batch 2),"Ideal for networking infrastructure, IoT connectivity, and hardware communication."
safenet.tech,safenet,B2B SaaS / Premium Tech-Combo (Batch 2),"Ideal for networking infrastructure, IoT connectivity, and hardware communication."
safeedge.tech,safeedge,B2B SaaS / Premium Tech-Combo (Batch 2),Modern tech brand name for scalable enterprise software and cloud-native apps.
safepulse.tech,safepulse,B2B SaaS / Premium Tech-Combo (Batch 2),Modern tech brand name for scalable enterprise software and cloud-native apps.
safebit.tech,safebit,B2B SaaS / Premium Tech-Combo (Batch 2),Modern tech brand name for scalable enterprise software and cloud-native apps.
safebox.tech,safebox,B2B SaaS / Premium Tech-Combo (Batch 2),Modern tech brand name for scalable enterprise software and cloud-native apps.
safekit.tech,safekit,B2B SaaS / Premium Tech-Combo (Batch 2),Modern tech brand name for scalable enterprise software and cloud-native apps.
safetool.tech,safetool,B2B SaaS / Premium Tech-Combo (Batch 2),Modern tech brand name for scalable enterprise software and cloud-native apps.