ï»¿Keyword,Extension,Full Domain
0a,.me,0a.me
0b,.me,0b.me
0c,.me,0c.me
0d,.me,0d.me
0e,.me,0e.me
0f,.me,0f.me
0g,.me,0g.me
0h,.me,0h.me
0i,.me,0i.me
0j,.me,0j.me
0k,.me,0k.me
0l,.me,0l.me
0m,.me,0m.me
0n,.me,0n.me
0o,.me,0o.me
0p,.me,0p.me
0q,.me,0q.me
0r,.me,0r.me
0s,.me,0s.me
0t,.me,0t.me
0u,.me,0u.me
0v,.me,0v.me
0w,.me,0w.me
0x,.me,0x.me
0y,.me,0y.me
0z,.me,0z.me
1a,.me,1a.me
1b,.me,1b.me
1c,.me,1c.me
1d,.me,1d.me
1e,.me,1e.me
1f,.me,1f.me
1g,.me,1g.me
1h,.me,1h.me
1i,.me,1i.me
1j,.me,1j.me
1k,.me,1k.me
1l,.me,1l.me
1m,.me,1m.me
1n,.me,1n.me
1o,.me,1o.me
1p,.me,1p.me
1q,.me,1q.me
1r,.me,1r.me
1s,.me,1s.me
1t,.me,1t.me
1u,.me,1u.me
1v,.me,1v.me
1w,.me,1w.me
1x,.me,1x.me
1y,.me,1y.me
1z,.me,1z.me
2a,.me,2a.me
2b,.me,2b.me
2c,.me,2c.me
2d,.me,2d.me
2e,.me,2e.me
2f,.me,2f.me
2g,.me,2g.me
2h,.me,2h.me
2i,.me,2i.me
2j,.me,2j.me
2k,.me,2k.me
2l,.me,2l.me
2m,.me,2m.me
2n,.me,2n.me
2o,.me,2o.me
2p,.me,2p.me
2q,.me,2q.me
2r,.me,2r.me
2s,.me,2s.me
2t,.me,2t.me
2u,.me,2u.me
2v,.me,2v.me
2w,.me,2w.me
2x,.me,2x.me
2y,.me,2y.me
2z,.me,2z.me
3a,.me,3a.me
3b,.me,3b.me
3c,.me,3c.me
3d,.me,3d.me
3e,.me,3e.me
3f,.me,3f.me
3g,.me,3g.me
3h,.me,3h.me
3i,.me,3i.me
3j,.me,3j.me
3k,.me,3k.me
3l,.me,3l.me
3m,.me,3m.me
3n,.me,3n.me
3o,.me,3o.me
3p,.me,3p.me
3q,.me,3q.me
3r,.me,3r.me
3s,.me,3s.me
3t,.me,3t.me
3u,.me,3u.me
3v,.me,3v.me
3w,.me,3w.me
3x,.me,3x.me
3y,.me,3y.me
3z,.me,3z.me
4a,.me,4a.me
4b,.me,4b.me
4c,.me,4c.me
4d,.me,4d.me
4e,.me,4e.me
4f,.me,4f.me
4g,.me,4g.me
4h,.me,4h.me
4i,.me,4i.me
4j,.me,4j.me
4k,.me,4k.me
4l,.me,4l.me
4m,.me,4m.me
4n,.me,4n.me
4o,.me,4o.me
4p,.me,4p.me
4q,.me,4q.me
4r,.me,4r.me
4s,.me,4s.me
4t,.me,4t.me
4u,.me,4u.me
4v,.me,4v.me
4w,.me,4w.me
4x,.me,4x.me
4y,.me,4y.me
4z,.me,4z.me
5a,.me,5a.me
5b,.me,5b.me
5c,.me,5c.me
5d,.me,5d.me
5e,.me,5e.me
5f,.me,5f.me
5g,.me,5g.me
5h,.me,5h.me
5i,.me,5i.me
5j,.me,5j.me
5k,.me,5k.me
5l,.me,5l.me
5m,.me,5m.me
5n,.me,5n.me
5o,.me,5o.me
5p,.me,5p.me
5q,.me,5q.me
5r,.me,5r.me
5s,.me,5s.me
5t,.me,5t.me
5u,.me,5u.me
5v,.me,5v.me
5w,.me,5w.me
5x,.me,5x.me
5y,.me,5y.me
5z,.me,5z.me
6a,.me,6a.me
6b,.me,6b.me
6c,.me,6c.me
6d,.me,6d.me
6e,.me,6e.me
6f,.me,6f.me
6g,.me,6g.me
6h,.me,6h.me
6i,.me,6i.me
6j,.me,6j.me
6k,.me,6k.me
6l,.me,6l.me
6m,.me,6m.me
6n,.me,6n.me
6o,.me,6o.me
6p,.me,6p.me
6q,.me,6q.me
6r,.me,6r.me
6s,.me,6s.me
6t,.me,6t.me
6u,.me,6u.me
6v,.me,6v.me
6w,.me,6w.me
6x,.me,6x.me
6y,.me,6y.me
6z,.me,6z.me
7a,.me,7a.me
7b,.me,7b.me
7c,.me,7c.me
7d,.me,7d.me
7e,.me,7e.me
7f,.me,7f.me
7g,.me,7g.me
7h,.me,7h.me
7i,.me,7i.me
7j,.me,7j.me
7k,.me,7k.me
7l,.me,7l.me
7m,.me,7m.me
7n,.me,7n.me
7o,.me,7o.me
7p,.me,7p.me
7q,.me,7q.me
7r,.me,7r.me
7s,.me,7s.me
7t,.me,7t.me
7u,.me,7u.me
7v,.me,7v.me
7w,.me,7w.me
7x,.me,7x.me
7y,.me,7y.me
7z,.me,7z.me
8a,.me,8a.me
8b,.me,8b.me
8c,.me,8c.me
8d,.me,8d.me
8e,.me,8e.me
8f,.me,8f.me
8g,.me,8g.me
8h,.me,8h.me
8i,.me,8i.me
8j,.me,8j.me
8k,.me,8k.me
8l,.me,8l.me
8m,.me,8m.me
8n,.me,8n.me
8o,.me,8o.me
8p,.me,8p.me
8q,.me,8q.me
8r,.me,8r.me
8s,.me,8s.me
8t,.me,8t.me
8u,.me,8u.me
8v,.me,8v.me
8w,.me,8w.me
8x,.me,8x.me
8y,.me,8y.me
8z,.me,8z.me
9a,.me,9a.me
9b,.me,9b.me
9c,.me,9c.me
9d,.me,9d.me
9e,.me,9e.me
9f,.me,9f.me
9g,.me,9g.me
9h,.me,9h.me
9i,.me,9i.me
9j,.me,9j.me
9k,.me,9k.me
9l,.me,9l.me
9m,.me,9m.me
9n,.me,9n.me
9o,.me,9o.me
9p,.me,9p.me
9q,.me,9q.me
9r,.me,9r.me
9s,.me,9s.me
9t,.me,9t.me
9u,.me,9u.me
9v,.me,9v.me
9w,.me,9w.me
9x,.me,9x.me
9y,.me,9y.me
9z,.me,9z.me